-- phpMyAdmin SQL Dump
-- version 4.1.8
-- http://www.phpmyadmin.net
--
-- Host: localhost
-- Generation Time: Jun 28, 2014 at 10:36 AM
-- Server version: 5.5.36-cll
-- PHP Version: 5.4.23

SET SQL_MODE = "NO_AUTO_VALUE_ON_ZERO";
SET time_zone = "+00:00";


/*!40101 SET @OLD_CHARACTER_SET_CLIENT=@@CHARACTER_SET_CLIENT */;
/*!40101 SET @OLD_CHARACTER_SET_RESULTS=@@CHARACTER_SET_RESULTS */;
/*!40101 SET @OLD_COLLATION_CONNECTION=@@COLLATION_CONNECTION */;
/*!40101 SET NAMES utf8 */;

--
-- Database: `sqgccom_quiz`
--

-- --------------------------------------------------------

--
-- Table structure for table `answers`
--

CREATE TABLE IF NOT EXISTS `answers` (
  `id` int(11) NOT NULL AUTO_INCREMENT,
  `question_id` int(11) NOT NULL,
  `text` varchar(500) NOT NULL,
  `correctness` enum('yes','no') NOT NULL,
  PRIMARY KEY (`id`)
) ENGINE=InnoDB  DEFAULT CHARSET=latin1 AUTO_INCREMENT=105 ;

--
-- Dumping data for table `answers`
--

INSERT INTO `answers` (`id`, `question_id`, `text`, `correctness`) VALUES
(1, 1, '1 goal ', ''),
(2, 1, '2 goals', 'yes'),
(3, 1, '3+ goals ', ''),
(4, 1, 'No difference ', ''),
(5, 2, 'No red card \r\n', ''),
(6, 2, '1 to 10\r\n', ''),
(7, 2, '11 to 20\r\n\r\n', ''),
(8, 2, '21 to 30\r\n', ''),
(9, 2, '30+', ''),
(10, 5, 'No shootout', ''),
(11, 5, '1', ''),
(12, 5, '2', ''),
(13, 5, '3', ''),
(14, 5, '4', ''),
(15, 5, '5', ''),
(16, 5, '5+', ''),
(17, 7, 'Yes', ''),
(18, 7, 'No', ''),
(19, 8, 'Yes', ''),
(20, 8, 'No', ''),
(21, 3, 'Belgium', ''),
(22, 3, 'Germany', ''),
(23, 3, 'Bosnia and Herzegovina', ''),
(24, 3, 'England', ''),
(25, 3, 'France', ''),
(26, 3, 'Greece', ''),
(27, 3, 'Italy', ''),
(28, 3, 'Netherlands', ''),
(29, 3, 'Portugal', ''),
(30, 3, 'Russia', ''),
(31, 3, 'Spain', ''),
(32, 3, 'Switzerland', ''),
(33, 3, 'Croatia', ''),
(34, 9, 'Brazil', ''),
(35, 9, 'England', ''),
(36, 9, 'Germany', ''),
(37, 9, 'None of the above', 'yes'),
(38, 10, '204', 'yes'),
(39, 10, '102', ''),
(40, 10, '154', ''),
(41, 10, '210', ''),
(42, 11, 'Lothar MATTHAEUS', 'yes'),
(43, 11, 'Paolo MALDINI', ''),
(44, 11, 'Diego MARADONA', ''),
(45, 11, 'Uwe SEELER', ''),
(46, 11, 'Wladyslaw ZMUDA', ''),
(47, 12, 'Argentina', ''),
(48, 12, 'Brazil', 'yes'),
(49, 12, 'Italy', ''),
(50, 13, 'Franz Beckenbauer', ''),
(51, 13, 'Carlos Bilardo', ''),
(52, 13, 'Enzo Bearzot', ''),
(53, 13, 'Vittorio Pozzo', 'yes'),
(54, 14, 'Inside Our Hearts, The Passion Of A Champion', ''),
(55, 14, 'All in one rhythm', 'yes'),
(56, 14, 'Expect The Impossible!', ''),
(57, 14, 'Only Together We Can Win', ''),
(58, 15, '580 million', ''),
(59, 15, '454 Million', ''),
(60, 15, '576 million', 'yes'),
(61, 15, '605 million', ''),
(62, 16, '1983', 'yes'),
(63, 16, '1986', ''),
(64, 16, '1975', ''),
(65, 16, '1978', ''),
(66, 12, 'Germany', ''),
(67, 4, 'W55', ''),
(68, 4, 'W56', ''),
(69, 4, 'No score today', ''),
(70, 6, 'W57', ''),
(71, 6, 'W58', ''),
(72, 6, 'No offside today', ''),
(73, 17, 'Brazil', ''),
(74, 17, 'Croatia', ''),
(75, 17, 'Cameroon', ''),
(76, 17, 'Mexico', ''),
(77, 18, 'Spain', ''),
(78, 18, 'Netherlands', ''),
(79, 18, 'Chile', ''),
(80, 18, 'Australia', ''),
(81, 19, 'Colombia', ''),
(82, 19, 'Greece', ''),
(83, 19, 'Cote d''Ivoire', ''),
(84, 19, 'Japan', ''),
(85, 20, 'Uruguay', ''),
(86, 20, 'Costa Rica', ''),
(87, 20, 'England', ''),
(88, 20, 'Italy', ''),
(89, 21, 'Switzerland', ''),
(90, 21, 'Ecuador', ''),
(91, 21, 'France', ''),
(92, 21, 'Honduras', ''),
(93, 22, 'Argentina', ''),
(94, 22, 'Bosnia-Herzegovina', ''),
(95, 22, 'Iran', ''),
(96, 22, 'Nigeria', ''),
(97, 23, 'Germany', ''),
(98, 23, 'Portugal', ''),
(99, 23, 'Ghana', ''),
(100, 23, 'USA', ''),
(101, 24, 'Belgium', ''),
(102, 24, 'Algeria', ''),
(103, 24, 'Russia', ''),
(104, 24, 'Korea Republic', '');

-- --------------------------------------------------------

--
-- Table structure for table `questions`
--

CREATE TABLE IF NOT EXISTS `questions` (
  `id` int(11) NOT NULL AUTO_INCREMENT,
  `text` varchar(500) NOT NULL,
  `start_time` datetime NOT NULL,
  `end_time` datetime NOT NULL,
  `type` enum('his','pred') NOT NULL,
  `status` enum('active','inactive') NOT NULL,
  PRIMARY KEY (`id`)
) ENGINE=InnoDB  DEFAULT CHARSET=latin1 AUTO_INCREMENT=25 ;

--
-- Dumping data for table `questions`
--

INSERT INTO `questions` (`id`, `text`, `start_time`, `end_time`, `type`, `status`) VALUES
(1, 'What will be the goal difference between the winning team and the loosing team in the first match of fifa world cup 2014?', '2014-06-11 00:00:00', '2014-06-12 19:00:00', 'pred', 'active'),
(2, 'How many total red cards will be shown in the tournament?', '2014-07-04 16:00:00', '2014-07-04 19:00:00', 'pred', 'active'),
(3, 'Which last European team will be knocked out from the tournament? ', '2014-07-04 16:00:00', '2014-07-04 19:00:00', 'pred', 'active'),
(4, 'Which team will score first in today''s match?', '2014-07-04 22:01:00', '2014-07-05 22:00:00', 'pred', 'active'),
(5, 'How many penalty shootouts will take place in today''s match?', '2014-07-04 22:01:00', '2014-07-05 22:00:00', 'pred', 'active'),
(6, 'Which team will fall in “offside” trap first in today’s match?', '0000-00-00 00:00:00', '0000-00-00 00:00:00', 'pred', 'active'),
(7, 'Will today’s match be decided in tie breaker?', '0000-00-00 00:00:00', '0000-00-00 00:00:00', 'pred', 'active'),
(8, 'Will the final match go to the extra time?', '0000-00-00 00:00:00', '0000-00-00 00:00:00', 'pred', 'active'),
(9, 'Who was the champion in 1942 FIFA world cup?', '2014-06-11 00:00:00', '2014-06-12 19:00:00', 'his', 'active'),
(10, 'How many total teams tried to qualify for 2010 FIFA world cup? ', '2014-07-04 16:00:00', '2014-07-04 19:00:00', 'his', 'active'),
(11, 'Which player has appeared most in FIFA world cup matches', '2014-07-04 16:00:00', '2014-07-04 19:00:00', 'his', 'active'),
(12, 'Which team has scored most of the goals in FIFA world cup tournaments prior to 2014?', '2014-07-04 22:01:00', '2014-07-05 22:00:00', 'his', 'active'),
(13, 'Name the only person who has won the world cup twice as head coach', '2014-07-04 22:01:00', '2014-07-05 22:00:00', 'his', 'active'),
(14, 'What is the official slogan of FIFA world cup 2014? ', '0000-00-00 00:00:00', '0000-00-00 00:00:00', 'his', 'active'),
(15, 'What is the total budget of FIFA for world cup 2014 in terms of dollars?', '0000-00-00 00:00:00', '0000-00-00 00:00:00', 'his', 'active'),
(16, 'In which year the “Jules Rimet Trophy” was stolen? ', '0000-00-00 00:00:00', '0000-00-00 00:00:00', 'his', 'active'),
(17, 'Group A', '2014-06-23 16:00:00', '2014-06-23 19:00:00', 'his', 'active'),
(18, 'Group B', '2014-06-23 16:00:00', '2014-06-23 19:00:00', 'his', 'active'),
(19, 'Group C', '2014-06-23 16:00:00', '2014-06-23 19:00:00', 'his', 'active'),
(20, 'Group D', '2014-06-23 16:00:00', '2014-06-23 19:00:00', 'his', 'active'),
(21, 'Group E', '2014-06-23 16:00:00', '2014-06-23 19:00:00', 'his', 'active'),
(22, 'Group F', '2014-06-23 16:00:00', '2014-06-23 19:00:00', 'his', 'active'),
(23, 'Group G', '2014-06-23 16:00:00', '2014-06-23 19:00:00', 'his', 'active'),
(24, 'Group H', '2014-06-23 16:00:00', '2014-06-23 19:00:00', 'his', 'active');

-- --------------------------------------------------------

--
-- Table structure for table `users`
--

CREATE TABLE IF NOT EXISTS `users` (
  `id` int(11) NOT NULL AUTO_INCREMENT,
  `email` varchar(50) NOT NULL,
  `password` varchar(150) NOT NULL,
  `full_name` varchar(50) NOT NULL,
  `designation` varchar(100) NOT NULL,
  `favorite_team` varchar(150) NOT NULL,
  `status` enum('active','inactive') NOT NULL,
  PRIMARY KEY (`id`)
) ENGINE=InnoDB  DEFAULT CHARSET=latin1 AUTO_INCREMENT=158 ;

--
-- Dumping data for table `users`
--

INSERT INTO `users` (`id`, `email`, `password`, `full_name`, `designation`, `favorite_team`, `status`) VALUES
(12, 'mmhaque@sqgc.com', 'fef858974802e2b18#s1q1g1r1o1u1p1*5f30601f5017922', 'Mr. Majarul Haque', 'Executive, Accounts & Finance', 'Brazil', 'active'),
(13, 'fahimidar@sqgc.com', 'fef858974802e2b18#s1q1g1r1o1u1p1*5f30601f5017922', 'Ms. Fahmida Rahman', 'Executive, Accounts & Finance', 'Brazil', 'active'),
(14, 'mnahida@sqgc.com', 'fef858974802e2b18#s1q1g1r1o1u1p1*5f30601f5017922', 'Ms. Nahida Parvin (Rima)', 'Executive, Accounts & Finance', 'Argentina', 'active'),
(15, 'faruquehossain@sqgc.com', 'fef858974802e2b18#s1q1g1r1o1u1p1*5f30601f5017922', 'Mr. Faruque Hossain', 'Senior Executive, Accounts & Finance', 'Argentina', 'active'),
(16, 'nnkabir@sqgc.com', 'fef858974802e2b18#s1q1g1r1o1u1p1*5f30601f5017922', 'Ms. Nadia Naureen Kabir', 'Executive, HR', '', 'active'),
(17, 'arshardul@sqgc.com', 'fef858974802e2b18#s1q1g1r1o1u1p1*5f30601f5017922', 'Mr. Ahammadur Rafi Shardul', 'Senior Executive, Admin', '', 'active'),
(18, 'aminulislam@sqgc.com', 'fef858974802e2b18#s1q1g1r1o1u1p1*5f30601f5017922', 'Mr. Aminul Islam', 'Senior Executive, Admin', '', 'active'),
(19, 'tosirulalam@sqgc.com', 'fef858974802e2b18#s1q1g1r1o1u1p1*5f30601f5017922', 'Mr. Tosirul Alam', 'Executive, Admin', '', 'active'),
(20, 'dmbanu@sqgc.com', 'fef858974802e2b18#s1q1g1r1o1u1p1*5f30601f5017922', 'Ms. Dil Mahfuza Banu', 'Deputy Manager, HR & Admin', '', 'active'),
(21, 'almamun@sqgc.com', 'fef858974802e2b18#s1q1g1r1o1u1p1*5f30601f5017922', 'Md. Abdullah Al Mamun', 'Senior Executive, Audit & Process Control', '', 'active'),
(23, 'mshakwat@sqgc.com', 'fef858974802e2b18#s1q1g1r1o1u1p1*5f30601f5017922', 'Mr. Shakawat Hossain', 'Assistant Manager, Corporate Affairs', '', 'active'),
(24, 'mhkhan@sqgc.com', 'fef858974802e2b18#s1q1g1r1o1u1p1*5f30601f5017922', 'Mr. Mehdi Hassan Khan', 'Assistant Manager, Accounts & Finance', '', 'active'),
(25, 'samamun@sqgc.com', 'fef858974802e2b18#s1q1g1r1o1u1p1*5f30601f5017922', 'Mr. Sheikh Abdullah-Al-Mamun', 'Senior Executive, Accounts & Finance', '', 'active'),
(27, 'mahossain@sqgc.com', 'fef858974802e2b18#s1q1g1r1o1u1p1*5f30601f5017922', 'Mr. Alamgir Hossain', 'Senior Executive, Accounts & Finance', '', 'active'),
(28, 'mkshorab@sqgc.com', 'fef858974802e2b18#s1q1g1r1o1u1p1*5f30601f5017922', 'Mr. Khandaker Shorab', 'Executive, Accounts & Finance', '', 'active'),
(29, 'farhanaseema@sqgc.com', 'fef858974802e2b18#s1q1g1r1o1u1p1*5f30601f5017922', 'Ms. Farhana Islam Seema', 'Executive, Accounts & Finance', '', 'active'),
(30, 'mojiburrahman@sqgc.com', 'fef858974802e2b18#s1q1g1r1o1u1p1*5f30601f5017922', 'Mr. Mojibur Rahman', 'Assistant Manager, Shipping & Logistics', '', 'active'),
(31, 'mmrafiqul@sqgc.com', 'fef858974802e2b18#s1q1g1r1o1u1p1*5f30601f5017922', 'Mr. Md. Rafiqul Islam', 'Executive, Shipping & Logistics', '', 'active'),
(32, 'mtariqulislam@sqgc.com', 'fef858974802e2b18#s1q1g1r1o1u1p1*5f30601f5017922', 'Md. Tariqul Islam', 'Executive, Shipping & Logistics', 'Argentina', 'active'),
(33, 'mmanwarkabir@sqgc.com', 'fef858974802e2b18#s1q1g1r1o1u1p1*5f30601f5017922', 'Mr. Md. Anwar Kabir', 'Senior Executive, Shipping & Logistics', 'Brazil', 'active'),
(34, 'mmmehfuz@sqgc.com', 'fef858974802e2b18#s1q1g1r1o1u1p1*5f30601f5017922', 'Mr. Md. Mehfuz Hossain', 'Executive, Shipping & Logistics', 'Argentina', 'active'),
(35, 'dishatsultana@sqgc.com', 'fef858974802e2b18#s1q1g1r1o1u1p1*5f30601f5017922', 'Ms. Dishat Sultana', 'Designer', 'Brazil', 'active'),
(36, 'homariaakter@sqgc.com', 'fef858974802e2b18#s1q1g1r1o1u1p1*5f30601f5017922', 'Ms. Homaria Akter', 'Executive, Design & Development', 'Argentina', 'active'),
(37, 'ahrubel@sqgc.com', 'fef858974802e2b18#s1q1g1r1o1u1p1*5f30601f5017922', 'Mr. Ahasan Habib Rubel', 'Executive, Design & Development', 'Brazil', 'active'),
(38, 'sakibahmed@sqgc.com', 'fef858974802e2b18#s1q1g1r1o1u1p1*5f30601f5017922', 'Mr. Najmus Sakib Ahmed', 'MT', 'Brazil', 'active'),
(39, 'mmkarim@sqgc.com', 'fef858974802e2b18#s1q1g1r1o1u1p1*5f30601f5017922', 'Mr. Mohammad Mainul Karim', 'Senior Executive, Sales & Marketing', 'Brazil', 'active'),
(40, 'cho.hr@sqgc.com', '2015f5e13a03b4d86#s1q1g1r1o1u1p1*e3b074627045a97', 'Nadia Naureen Kabir', 'Executive, HR', 'Italy', 'active'),
(43, 'cho.administration@sqgc.com', '120448a1f4c675e06#s1q1g1r1o1u1p1*318f6494d5dc015', 'Aminul  Islam', 'Sr. Executive', 'Argentina', 'active'),
(45, 'jahid.hossan@sqgc.com', '946c28f72272e09d1#s1q1g1r1o1u1p1*62a79cd6f496ab4', 'jahid Hossan (sohel)', 'Sr.Executive', 'Argentina', 'active'),
(46, 'shahina.akter@sqgc.com', '5723b8f9598465bd2#s1q1g1r1o1u1p1*f42ffe39ffd8bf4', 'Shahina Akter', 'Asst.Manager', 'Brazil', 'active'),
(47, 'pranab.debnath@sqgc.com', '01842801bd5f4a6ff#s1q1g1r1o1u1p1*8ae95bceb5fae3f', 'Pranab Debnath', 'Executive, Business Development, SQBL.', 'Argentina', 'active'),
(48, 'monim.chowdhury@sqgc.com', '542d4b96128c0a171#s1q1g1r1o1u1p1*341e36aa579544a', 'Abdul monim chowdhury', 'Senior Executive', 'Argentina', 'active'),
(49, 'akhteruzzaman.chowdhury@sqgc.com', '6f4194dbc3b77341b#s1q1g1r1o1u1p1*35104b03b6c7bd2', 'Akhteruzzaman Chowdhury', 'Asst. Manager', 'Argentina', 'active'),
(50, 'sanwar.hossain@sqgc.com', 'e222b6780a4a26b9d#s1q1g1r1o1u1p1*85bccc3c27bb895', 'M M Sanwar Hossain', 'Dy. Manager', 'Germany', 'active'),
(51, 'masuma.aktar@sqgc.com', 'b87708147b710d654#s1q1g1r1o1u1p1*9fe2025fbbfd2df', 'Masuma Aktar Jui', 'executive design development', 'Argentina', 'active'),
(52, 'umme.meshu@sqgc.com', 'e10adc3949ba59abb#s1q1g1r1o1u1p1*e56e057f20f883e', 'Umme Kulsum Meshu', 'Executive, Business Development', 'Argentina', 'active'),
(53, 'mykel.sarkar@sqgc.com', 'b47afec6488f6a49b#s1q1g1r1o1u1p1*df54cde527b6784', 'MYKEL KUMAR SARKAR', 'SR. EXECUTIVE', 'Germany', 'active'),
(54, 'khairul.hassan@sqgc.com', '05f6a1f2850e427f6#s1q1g1r1o1u1p1*fb1ad69ab4cd7b2', 'A. S. M Khairul Hassan', 'Senior Executive', 'Argentina', 'active'),
(55, 'zahirul.islam@sqgc.com', '92efa696de6a2665e#s1q1g1r1o1u1p1*9decd18c4b297ec', 'MD.ZAHIR', 'EXECUTIVE', 'Argentina', 'active'),
(56, 'atiqul.silvee@sqgc.com', 'bad9d370a077ee158#s1q1g1r1o1u1p1*74d977acc8889d2', 'Atiqul Islam Silvee', 'Deputy Manager', 'Brazil', 'active'),
(57, 'cho.administraion@sqgc.com', '946c28f72272e09d1#s1q1g1r1o1u1p1*62a79cd6f496ab4', 'Md. Tosirul Alam', 'Executive', 'Brazil', 'active'),
(58, 'bilkis.jahan@sqgc.com', 'fbc503be270062e46#s1q1g1r1o1u1p1*37e285cc14149a2', 'Bilkis Jahan', 'Sr. Executive, A&F', 'Brazil', 'active'),
(59, 'saidul.alam@sqgc.com', 'ca0d0d81ac5845395#s1q1g1r1o1u1p1*019175b12837ceb', 'Saidul Alam', 'Executive, Merchandising', 'Spain', 'active'),
(60, 'saidur.rahman@sqgc.com', '3e95d31c94813803e#s1q1g1r1o1u1p1*fb2caedcab42899', 'Saidur Rahman', 'Deputy Manager', 'Brazil', 'active'),
(61, 'halima.ferdousi@sqgc.com', '7c596901f3981772c#s1q1g1r1o1u1p1*9c57765b9d0448e', 'Halima Ferdousi', 'Sr. Exe', 'Brazil', 'active'),
(62, 'hasan.mishu@sqgc.com', '97ce793cdb0747235#s1q1g1r1o1u1p1*5f72f8c01519a59', 'Mir Hasan Morshed Mishu', 'Asst. Manager', 'Brazil', 'active'),
(63, 'aminul.hoque@sqgc.com', '63352601c0380e9ff#s1q1g1r1o1u1p1*51a2d4ee058b110', 'Aminul Hoque Shagor', 'Executive, Merchandising', 'England', 'active'),
(64, 'ayesha.sultana@sqgc.com', 'b488ae731ff0b9e75#s1q1g1r1o1u1p1*8fe0afd0c5d1572', 'Ayesha Sultana', 'Executive,PD', 'Spain', 'active'),
(65, 'riaz.morshed@sqgc.com', 'f5857cc27ea33b697#s1q1g1r1o1u1p1*30052af491c22ae', 'MD. RIAZ MORSHED', 'SR. EXECUTIVE, BUSINESS DEVELOPMENT', 'Argentina', 'active'),
(66, 'mahmudul.hasan@sqgc.com', '91dfb1a1a1f743c7b#s1q1g1r1o1u1p1*753a39dccb59d5d', 'Md. Mahmudul Hasan', 'Executive', 'Brazil', 'active'),
(67, 'ferdous.alam@sqgc.com', '511f6e974539e52e6#s1q1g1r1o1u1p1*2ebca7e8fce0272', 'Ferdous Alam', 'Executive, Finance', 'Argentina', 'active'),
(68, 'faysail.chowdhury@sqgc.com', '166a3c675325db53e#s1q1g1r1o1u1p1*25b50dd8f9d9632', 'Faysail Chowdhury', 'GM', 'Brazil', 'active'),
(69, 'mohiuddin.alamgir@sqgc.com', '2672d8ced2dc29294#s1q1g1r1o1u1p1*2d5508e5f1d93a7', 'Mohiuddin Alamgir Robin', 'Head of Marketing', 'Brazil', 'active'),
(70, 'balaram.roy@sqgc.com', '2015f5e13a03b4d86#s1q1g1r1o1u1p1*e3b074627045a97', 'Balaram Kumar Roy', 'Sr. Manager', 'Argentina', 'active'),
(71, 'tasnem.mahmood@sqgc.com', '0c3a4168dc29cb3b4#s1q1g1r1o1u1p1*ab5120679215e2c', 'Syed Tasnem Mahmood', 'Senior executive, environmental engineer', 'Brazil', 'active'),
(72, 'mostafizur.rahman@sqgc.com', '2015f5e13a03b4d86#s1q1g1r1o1u1p1*e3b074627045a97', 'Mostafizur Rahman', 'Business Development , Executive .', 'Brazil', 'active'),
(73, 'yousuf.ali@sqgc.com', '946c28f72272e09d1#s1q1g1r1o1u1p1*62a79cd6f496ab4', 'MD. Yousuf Ali Shaheen', 'Deputy Manager (Procurement)', 'Uruguay', 'active'),
(74, 'fateha.noor@sqgc.com', '25f9e794323b45388#s1q1g1r1o1u1p1*5f5181f1b624d0b', 'Fateha Noor', 'Executive', 'Argentina', 'active'),
(75, 'zakir.hossain@sqgc.com', '1ffb73445dc38c270#s1q1g1r1o1u1p1*609b824596a1f8d', 'Zakir Hossain', 'Sr. Manager', 'Argentina', 'active'),
(76, 'farzana.easmin@sqgc.com', 'c0a5b59e7aef0fea5#s1q1g1r1o1u1p1*4053245dba86ca2', 'Farzana Easmin', 'Executive', 'Brazil', 'active'),
(77, 'laila.anjuman@sqgc.com', '4a25bf2fcd62b90c9#s1q1g1r1o1u1p1*2d459a10ed57734', 'Laila Anjuman', 'Executive', 'Brazil', 'active'),
(78, 'anthony.halder@sqgc.com', '72f99c7aa7eb9860c#s1q1g1r1o1u1p1*a506a67d0845688', 'Anthony Swapan Halder', 'Manager', 'Argentina', 'active'),
(79, 'humayun.abdur.kabir@sqgc.com', '11bc04140c302eb28#s1q1g1r1o1u1p1*7aed72e36384389', 'Md. Humayun Kabir', 'Assistant Manager', 'Italy', 'active'),
(80, 'sifat.tanjin@sqgc.com', 'ab56b4d92b40713ac#s1q1g1r1o1u1p1*c5af89985d4b786', 'Sifat Ara Tanjin', 'Executive', 'Argentina', 'active'),
(81, 'tamanna.amin@sqgc.com', '930915144b20db044#s1q1g1r1o1u1p1*a7889753c4bf34e', 'TAMANNA AMIN', 'TRAINEE EXECUTIVE PD', 'Argentina', 'active'),
(82, 'kamrul.noman@sqgc.com', 'b60fca77ba55c6c15#s1q1g1r1o1u1p1*870c124ad7fef4d', 'Kamrul Hasan Noman', 'Executive Merchandising', 'Brazil', 'active'),
(83, 'aasiofur.rahman@sqgc.com', '05f6a1f2850e427f6#s1q1g1r1o1u1p1*fb1ad69ab4cd7b2', 'aasifur rahman', 'Sr. Executive', 'Argentina', 'active'),
(84, 'avijit.avi@sqgc.com', '379caac91994d5af9#s1q1g1r1o1u1p1*83d32bd0a2f0557', 'A.S.AVI', 'Deputy Manager', 'Argentina', 'active'),
(85, 'rayan.rahman@sqgc.com', 'dcb077371d192f596#s1q1g1r1o1u1p1*76e8bdc5878ddd8', 'Rayan Rahman', 'Sr Manager Audit & Process Control', 'Brazil', 'active'),
(86, 'ajoy.paul@sqgc.com', '516a94226cb592da2#s1q1g1r1o1u1p1*17699188a9c535c', 'ajoy kumar Paul', 'Manager', 'Brazil', 'active'),
(87, 'nipun.khaim@sqgc.com', 'bbbced5a8b6c10371#s1q1g1r1o1u1p1*775b7b890795d0d', 'Ibne Khaim Nipun', 'Executive, Merchandising', 'Brazil', 'active'),
(88, 'jenia.sultana@sqgc.com', '7cb39774141348ac4#s1q1g1r1o1u1p1*578d45a78ee3a82', 'jenia sultana', 'executive design development', 'Brazil', 'active'),
(89, 'aminur.rahman@sqgc.com', 'c049319b0cc9cd486#s1q1g1r1o1u1p1*18013509b2949a4', 'aminur Rahaman', 'Executive Merchandiser', 'Argentina', 'active'),
(90, 'aasifur.rahman@sqgc.com', '05f6a1f2850e427f6#s1q1g1r1o1u1p1*fb1ad69ab4cd7b2', 'aasifur rahman', 'Sr.Executive', 'Argentina', 'active'),
(91, 'tanim@bscheme.com', '96e79218965eb72c9#s1q1g1r1o1u1p1*2a549dd5a330112', 'Tanim Ahmed', 'Senior Web Developer', 'Argentina', 'active'),
(92, 'amaton.leeza@sqgc.com', 'a843317685216ef3d#s1q1g1r1o1u1p1*27c80cf4dac8e93', 'Amaton Noor Leeza', 'Executive', 'Argentina', 'active'),
(93, 'manjur.ali@sqgc.com', '66cfaac863420ea27#s1q1g1r1o1u1p1*bb9aadf9052fc67', 'Manjur Al', 'Manager, Human Resources', 'Brazil', 'active'),
(94, 'jafour.hossen@sqgc.com', '80b7ab501f5bec2fd#s1q1g1r1o1u1p1*a7680dc537553ed', 'Jafour Hossen', 'DMM', 'Argentina', 'active'),
(95, 'cho.celsius_accounting@sqgc.com', 'fef858974802e2b18#s1q1g1r1o1u1p1*5f30601f5017922', 'Mohammad Alamgir Hossain', 'Senior Executive', 'Argentina', 'active'),
(96, 'samsul.alam@sqgc.com', '2015f5e13a03b4d86#s1q1g1r1o1u1p1*e3b074627045a97', 'Samsul Alam', 'Executive QA', 'Brazil', 'active'),
(97, 'naveed.anjum@sqgc.com', '113cd46e5b554047a#s1q1g1r1o1u1p1*93bc8f214c6a24b', 'Rahman Naveed Anjum', 'Senior Executive', 'Brazil', 'active'),
(98, 'abdullah.monsur@sqgc.com', '827ccb0eea8a706c4#s1q1g1r1o1u1p1*c34a16891f84e7b', 'Adullah Al Monsur', 'Exceutive Merchandiser', 'Argentina', 'active'),
(99, 'farhad.rana@sqgc.com', '25f9e794323b45388#s1q1g1r1o1u1p1*5f5181f1b624d0b', 'Farhad Rana', 'Executive (Design & Development)', 'Brazil', 'active'),
(100, 'sohel.ahmed@sqgc.com', 'c5fe25896e49ddfe9#s1q1g1r1o1u1p1*96db7508cf00534', 'Sarder Sohel Ahmed', 'Sr. Executive', 'Argentina', 'active'),
(101, 'umme.kulsum@sqgc.com', '86742347deb4deffa#s1q1g1r1o1u1p1*879b00d55eadf52', 'ummy nila', 'manager ie', 'Argentina', 'active'),
(102, 'sarmista.dey@sqgc.com', '5b8df206dcaec7942#s1q1g1r1o1u1p1*f762a128f65bcfe', 'Sarmista Dey', 'Executive', 'Brazil', 'active'),
(103, 'zakir.miah.hossain@sqgc.com', '2015f5e13a03b4d86#s1q1g1r1o1u1p1*e3b074627045a97', 'Zakir Hossain', 'Sr Executive -Merchandising', 'Brazil', 'active'),
(104, 'rajib.saha@sqgc.com', 'f516e4576732785a6#s1q1g1r1o1u1p1*8cb09745ee82ba0', 'Rajib Kumar Saha', 'Sr. Manager Procurement', 'Brazil', 'active'),
(105, 'cho.audit@sqgc.com', 'fef858974802e2b18#s1q1g1r1o1u1p1*5f30601f5017922', 'Dil Mahfuza Banu', 'Deputy Manager, HR & Admin', 'Brazil', 'active'),
(106, 'arafat.hossain@sqgc.com', '2015f5e13a03b4d86#s1q1g1r1o1u1p1*e3b074627045a97', 'Muhammad Arafat Hossain', 'Trainee Executive', 'Germany', 'active'),
(107, 'nurun.jasmin@sqgc.com', '4520ff575f064d84f#s1q1g1r1o1u1p1*25ec434d2c3db8e', 'jesmin', 'exceutive', 'Argentina', 'active'),
(108, 'hasan.mahmud@sqgc.com', '10509ec8dc7f769f5#s1q1g1r1o1u1p1*dd790db47134c75', 'Hasan Mahmud', 'Asst. Manager', 'Brazil', 'active'),
(109, 'rajesh.tatineni@sqgc.com', '4520ff575f064d84f#s1q1g1r1o1u1p1*25ec434d2c3db8e', 'rajesh', 'coo', 'Argentina', 'active'),
(110, 'raj.jayah@sqgc.com', '96e79218965eb72c9#s1q1g1r1o1u1p1*2a549dd5a330112', 'raj jayah', 'GM', 'Argentina', 'active'),
(111, 'jane.alam@sqgc.com', '4dc3082f91a4bf11a#s1q1g1r1o1u1p1*561b2060082e033', 'jane alam', 'exceutive', 'Argentina', 'active'),
(112, 'hasitha.thilanka@sqgc.com', '946c28f72272e09d1#s1q1g1r1o1u1p1*62a79cd6f496ab4', 'Hasitha', 'Designer SQBL', 'Argentina', 'active'),
(113, 'somona.ahmed@sqgc.com', '80728ee8a362d028e#s1q1g1r1o1u1p1*be9696dbe92f99a', 'Somona Ahmed', 'DMM', 'Argentina', 'active'),
(114, 'aklima.ibrahim@sqgc.com', 'b64ed1b74619126cb#s1q1g1r1o1u1p1*7bd70c06f88dbe0', 'Aklima Ibrahim', 'Trainee Executive', 'Argentina', 'active'),
(115, 'ibrahim.aziz@sqgc.com', 'e4cb7cf6ac25db2ca#s1q1g1r1o1u1p1*4263563b50576ce', 'Ibrahim Aziz', 'Manager', 'Argentina', 'active'),
(116, 'khandaker.sumon@sqgc.com', '9f90057f619e76629#s1q1g1r1o1u1p1*c3300b0ad4cf1c9', 'Khandaker Mohammad Sumon', 'Sr. Executive', 'Argentina', 'active'),
(117, 'shamima.yeasmin@sqgc.com', 'a922c0bac3f923634#s1q1g1r1o1u1p1*68e51b71b2ad083', 'Shamima Yeasmin', 'Executive', 'Argentina', 'active'),
(118, 'shahadat.abdur.hossain@sqgc.com', '212415f387f3b6483#s1q1g1r1o1u1p1*258ec015f45a44e', 'shahadat Abdur Hossain', 'Executive', 'Argentina', 'active'),
(119, 'abul.bashar@sqgc.com', '827ccb0eea8a706c4#s1q1g1r1o1u1p1*c34a16891f84e7b', 'Abul Bashar', 'Sr. Executive, Merchandising', 'Brazil', 'active'),
(120, 'dishat.sultana@sqgc.com', '01cfcd4f6b8770feb#s1q1g1r1o1u1p1*fb40cb906715822', 'Dishat Sultana', 'Designer', 'Brazil', 'active'),
(121, 'faysal.sarker@sqgc.com', '2015f5e13a03b4d86#s1q1g1r1o1u1p1*e3b074627045a97', 'Faysal sarker', 'executive', 'Brazil', 'active'),
(122, 'zahid@sqgc.com', 'e10adc3949ba59abb#s1q1g1r1o1u1p1*e56e057f20f883e', 'zahid', 'executive', 'Argentina', 'active'),
(123, 'khaled.mahmud@sqgc.com', 'e10adc3949ba59abb#s1q1g1r1o1u1p1*e56e057f20f883e', 'Md. Khaled Mahmud', 'Executive', 'Spain', 'active'),
(124, 'mahbbob.rab@sqgc.com', 'b702d22b624670eeb#s1q1g1r1o1u1p1*449ae15c367f063', 'mahboob ziaur rab', 'manager,merchandising', 'Brazil', 'active'),
(125, 'shazada.liza@sqgc.com', '099ebea48ea9666a7#s1q1g1r1o1u1p1*da2177267983138', 'shazada liza', 'Executive, Supply Chain', 'Brazil', 'active'),
(126, 'tasnima.rahman@sqgc.com', 'c37bf859faf392800#s1q1g1r1o1u1p1*d739a41fe5af151', 'Tasnima Rahman', 'Trainee Executive', 'Brazil', 'active'),
(127, 'biplob.roy@sqgc.com', 'b0baee9d279d34fa1#s1q1g1r1o1u1p1*dfd71aadb908c3f', 'Biplob Roy', 'Executive', 'Brazil', 'active'),
(128, 'ashraful.ahasan@sqgc.com', 'cc584d2d5a3909ae6#s1q1g1r1o1u1p1*02c3811b7c20cbd', 'MD. ASHRAFUL AHASAN', 'EXECUTIVE', 'Brazil', 'active'),
(129, 'birichina.design_development@sqgc.com', '2015f5e13a03b4d86#s1q1g1r1o1u1p1*e3b074627045a97', 'Ahasan Habib Rubel', 'Executive,D&D', 'Brazil', 'active'),
(130, 'manirul.islam@sqgc.com', '5e6aa1ffb2be5a211#s1q1g1r1o1u1p1*478d599170ba803', 'S. M. Manirul Islam', 'Sr. Executive', 'Brazil', 'active'),
(131, 'Swapan.nath@sqgc.com', '500d8cba33eb9d5fe#s1q1g1r1o1u1p1*8bbee868c4a9909', 'Swapan Kumar Nath', 'Asst. Manager', 'Brazil', 'active'),
(132, 'arshad.chowdhury@sqgc.com', 'b1b2621521fdda599#s1q1g1r1o1u1p1*99858b476b4d110', 'Arshad Chowdhury', 'Assistant Manager', 'Argentina', 'active'),
(133, 'rajaul.haque@sqgc.com', '5836f5c6913856a31#s1q1g1r1o1u1p1*c711c115abc34cc', 'Rajaul Haque', 'Sr. Executive', 'Argentina', 'active'),
(134, 'proshanta.dey@sqgc.com', 'd42eb55d229f0c0f6#s1q1g1r1o1u1p1*0c842426166273f', 'Proshanta Kumar Dey', 'Sr. Executive S&L', 'Brazil', 'active'),
(135, 'abul.kashem@sqgc.com', '4de521dd7f8df4e95#s1q1g1r1o1u1p1*249d6fe8a6d37e1', 'Abul Kashem', 'Assistant Manager', 'Argentina', 'active'),
(136, 'abdullah.mamun@sqgc.com', '31fd6a3498588335e#s1q1g1r1o1u1p1*deca735d2972033', 'Md.Abdullah-Al-Mamun', 'Senior Executive', 'Ghana', 'active'),
(137, 'tanzil.khan@sqgc.com', '596d68f3feb25d466#s1q1g1r1o1u1p1*868186bf87ef0cf', 'Md.Tanzil Ahmed Khan', 'Jr. Executive', 'Argentina', 'active'),
(138, 'faruk@bscheme.com', 'e10adc3949ba59abb#s1q1g1r1o1u1p1*e56e057f20f883e', 'Faruk Omar', 'Software Engineer', 'Brazil', 'active'),
(139, 'anwar.kabir@sqgc.com', 'e10adc3949ba59abb#s1q1g1r1o1u1p1*e56e057f20f883e', 'Anwar Kabir', '(Sr. Executive, Shipping & Logistics, CHO)', 'Brazil', 'active'),
(140, 'cho.shipping_logistics@sqgc.com', 'e10adc3949ba59abb#s1q1g1r1o1u1p1*e56e057f20f883e', 'Anwar Kabir', '(Sr. Executive, Shipping & Logistics, CHO)', 'Brazil', 'active'),
(141, 'homaira.akter@sqgc.com', 'e10adc3949ba59abb#s1q1g1r1o1u1p1*e56e057f20f883e', 'Homaira', 'Trainee Executive', 'Brazil', 'active'),
(142, 'majarul.haque@sqgc.com', 'e10adc3949ba59abb#s1q1g1r1o1u1p1*e56e057f20f883e', 'Majarul Haque', '(Executive, Accounts & Finance, CHO)', 'Brazil', 'active'),
(143, 'rafi.shardul@sqgc.com', 'e10adc3949ba59abb#s1q1g1r1o1u1p1*e56e057f20f883e', 'Rafi, Ahammadur Shardul', '(Executive, Administration, CHO)', 'Brazil', 'active'),
(144, 'aminul.mokbul.islam@sqgc.com', 'e10adc3949ba59abb#s1q1g1r1o1u1p1*e56e057f20f883e', 'Aminul Islam', '(Executive, Administration, CHO)', 'Brazil', 'active'),
(145, 'rubel.habib@sqgc.com', 'e10adc3949ba59abb#s1q1g1r1o1u1p1*e56e057f20f883e', 'Rubel, Ahasan Habib', '(Trainee Executive, Design & Development, SQBL)', 'Brazil', 'active'),
(146, 'salman.ahmed@sqgc.com', '040bc6e7f84a5ebea#s1q1g1r1o1u1p1*5a5c3362a760da9', 'Salman Ahmed', 'Trainee Executive', 'Brazil', 'active'),
(147, 'admin@sqgc.com', '21232f297a57a5a74#s1q1g1r1o1u1p1*3894a0e4a801fc3', 'admin', 'admin', 'England', 'active'),
(148, 'kamal.munasinghe@sqgc.com', 'a1544d9c44727275f#s1q1g1r1o1u1p1*5f7a00690768abc', 'Kamal Munasinghe', 'Head of Marketing', 'Argentina', 'active'),
(149, 'iqbal.hossan@sqgc.com', '946c28f72272e09d1#s1q1g1r1o1u1p1*62a79cd6f496ab4', 'Md.Iqbal Hossain', 'Sr.Executive', 'Argentina', 'active'),
(150, 'niyaz.khan@sqgc.com', '946c28f72272e09d1#s1q1g1r1o1u1p1*62a79cd6f496ab4', 'Niyaz Elahi Khan', 'Sr. Manager, HR & Admin', 'Brazil', 'active'),
(151, 'mahmudul.karim@sqgc.com', '0aa51ac26b2ad23db#s1q1g1r1o1u1p1*fcfd474f3618a2a', 'Mahmudul Karim', 'Executive Merchandising', 'Honduras', 'active'),
(152, 'warisul.abid@sqgc.com', '65da3bc91c0768a3b#s1q1g1r1o1u1p1*bc75ef7a2fa26b5', 'Warisul Abid', 'CPO', 'Argentina', 'active'),
(153, 'zamilur.khan@sqgc.com', '89805ff736eefbc03#s1q1g1r1o1u1p1*c8849ac708719a2', 'A S M Zamilur Rahman Khan', 'Senior Executive, Merchandisng', 'Brazil', 'active'),
(154, 'nusrat.jahan@sqgc.com', '7a5850b2b610c0908#s1q1g1r1o1u1p1*badb5e4a8860861', 'nusrat jahan', 'executive', 'Argentina', 'active'),
(155, 'abu.taleb@sqgc.com', 'e10adc3949ba59abb#s1q1g1r1o1u1p1*e56e057f20f883e', 'Taleb, Abu', 'Senior Executive', 'Brazil', 'active'),
(156, 'mizanur.rahman@sqgc.com', 'ae87397122576ab81#s1q1g1r1o1u1p1*8cdaefdc7c7b74e', 'Mizanur Rahman', 'Executive, Merchandising', 'Brazil', 'active'),
(157, 'akhtaruzzaman@sqgc.com', 'd32f579b25b3389f4#s1q1g1r1o1u1p1*4ab18830a65425b', 'Akhtaruzzaman', 'Executive, Merchandising', 'Germany', 'active');

-- --------------------------------------------------------

--
-- Table structure for table `users_questions_answers`
--

CREATE TABLE IF NOT EXISTS `users_questions_answers` (
  `id` int(11) NOT NULL AUTO_INCREMENT,
  `question_id` int(11) NOT NULL,
  `answer_id` int(11) NOT NULL,
  `user_id` smallint(5) NOT NULL,
  `datetime` timestamp NOT NULL DEFAULT CURRENT_TIMESTAMP ON UPDATE CURRENT_TIMESTAMP,
  PRIMARY KEY (`id`)
) ENGINE=InnoDB  DEFAULT CHARSET=latin1 AUTO_INCREMENT=918 ;

--
-- Dumping data for table `users_questions_answers`
--

INSERT INTO `users_questions_answers` (`id`, `question_id`, `answer_id`, `user_id`, `datetime`) VALUES
(1, 1, 1, 8, '2014-06-12 06:36:44'),
(2, 9, 36, 8, '2014-06-12 06:36:44'),
(3, 1, 2, 7, '2014-06-12 07:27:30'),
(4, 9, 36, 7, '2014-06-12 07:27:30'),
(5, 1, 2, 22, '2014-06-12 10:45:49'),
(6, 9, 37, 22, '2014-06-12 10:45:49'),
(7, 1, 1, 26, '2014-06-12 10:48:49'),
(8, 9, 37, 26, '2014-06-12 10:48:49'),
(9, 1, 2, 40, '2014-06-12 11:41:52'),
(10, 9, 37, 40, '2014-06-12 11:41:52'),
(11, 1, 2, 48, '2014-06-12 11:44:14'),
(12, 9, 37, 48, '2014-06-12 11:44:15'),
(13, 1, 1, 49, '2014-06-12 11:44:21'),
(14, 9, 37, 49, '2014-06-12 11:44:21'),
(15, 1, 2, 43, '2014-06-12 11:44:26'),
(16, 9, 37, 43, '2014-06-12 11:44:26'),
(17, 1, 4, 51, '2014-06-12 11:44:48'),
(18, 9, 36, 51, '2014-06-12 11:44:48'),
(19, 1, 2, 52, '2014-06-12 11:44:49'),
(20, 9, 34, 52, '2014-06-12 11:44:49'),
(21, 1, 2, 54, '2014-06-12 11:44:50'),
(22, 9, 37, 54, '2014-06-12 11:44:50'),
(23, 1, 4, 45, '2014-06-12 11:45:15'),
(24, 9, 37, 45, '2014-06-12 11:45:15'),
(25, 1, 1, 47, '2014-06-12 11:45:18'),
(26, 9, 37, 47, '2014-06-12 11:45:18'),
(27, 1, 1, 46, '2014-06-12 11:45:32'),
(28, 9, 37, 46, '2014-06-12 11:45:32'),
(29, 1, 3, 44, '2014-06-12 11:45:58'),
(30, 9, 37, 44, '2014-06-12 11:45:59'),
(31, 1, 1, 42, '2014-06-12 11:45:59'),
(32, 9, 34, 42, '2014-06-12 11:45:59'),
(33, 1, 2, 60, '2014-06-12 11:46:23'),
(34, 9, 37, 60, '2014-06-12 11:46:23'),
(35, 1, 2, 64, '2014-06-12 11:47:02'),
(36, 9, 37, 64, '2014-06-12 11:47:02'),
(37, 1, 1, 55, '2014-06-12 11:47:12'),
(38, 9, 37, 55, '2014-06-12 11:47:12'),
(39, 1, 2, 50, '2014-06-12 11:48:22'),
(40, 9, 37, 50, '2014-06-12 11:48:22'),
(41, 1, 2, 63, '2014-06-12 11:48:33'),
(42, 1, 3, 68, '2014-06-12 11:48:33'),
(43, 9, 37, 63, '2014-06-12 11:48:33'),
(44, 9, 37, 68, '2014-06-12 11:48:33'),
(45, 1, 2, 65, '2014-06-12 11:48:42'),
(46, 9, 37, 65, '2014-06-12 11:48:42'),
(47, 1, 1, 58, '2014-06-12 11:48:51'),
(48, 9, 37, 58, '2014-06-12 11:48:51'),
(49, 1, 1, 59, '2014-06-12 11:48:54'),
(50, 9, 36, 59, '2014-06-12 11:48:54'),
(51, 1, 2, 57, '2014-06-12 11:49:02'),
(52, 9, 37, 57, '2014-06-12 11:49:02'),
(53, 1, 2, 53, '2014-06-12 11:49:13'),
(54, 9, 34, 53, '2014-06-12 11:49:13'),
(55, 1, 4, 66, '2014-06-12 11:49:22'),
(56, 9, 37, 66, '2014-06-12 11:49:22'),
(57, 1, 2, 56, '2014-06-12 11:49:35'),
(58, 9, 37, 56, '2014-06-12 11:49:35'),
(59, 1, 2, 67, '2014-06-12 11:49:54'),
(60, 9, 37, 67, '2014-06-12 11:49:55'),
(61, 1, 2, 70, '2014-06-12 11:50:40'),
(62, 9, 37, 70, '2014-06-12 11:50:40'),
(63, 1, 2, 41, '2014-06-12 11:50:42'),
(64, 9, 34, 41, '2014-06-12 11:50:42'),
(65, 1, 1, 72, '2014-06-12 11:51:35'),
(66, 9, 34, 72, '2014-06-12 11:51:35'),
(67, 1, 4, 73, '2014-06-12 11:51:38'),
(68, 9, 37, 73, '2014-06-12 11:51:38'),
(69, 1, 2, 74, '2014-06-12 11:52:24'),
(70, 9, 37, 74, '2014-06-12 11:52:24'),
(71, 1, 2, 61, '2014-06-12 11:52:33'),
(72, 9, 37, 61, '2014-06-12 11:52:33'),
(73, 1, 1, 75, '2014-06-12 11:52:46'),
(74, 9, 37, 75, '2014-06-12 11:52:46'),
(75, 1, 2, 69, '2014-06-12 11:52:55'),
(76, 9, 37, 69, '2014-06-12 11:52:55'),
(77, 1, 2, 76, '2014-06-12 11:53:16'),
(78, 9, 37, 76, '2014-06-12 11:53:16'),
(79, 9, 37, 77, '2014-06-12 11:55:12'),
(80, 1, 2, 62, '2014-06-12 11:55:18'),
(81, 9, 37, 62, '2014-06-12 11:55:18'),
(82, 1, 2, 78, '2014-06-12 11:55:39'),
(83, 9, 37, 78, '2014-06-12 11:55:39'),
(84, 1, 4, 80, '2014-06-12 11:57:00'),
(85, 9, 37, 80, '2014-06-12 11:57:00'),
(86, 1, 2, 83, '2014-06-12 11:57:20'),
(87, 9, 37, 83, '2014-06-12 11:57:21'),
(88, 1, 2, 81, '2014-06-12 11:57:24'),
(89, 9, 37, 81, '2014-06-12 11:57:24'),
(90, 1, 2, 84, '2014-06-12 11:58:19'),
(91, 9, 37, 84, '2014-06-12 11:58:20'),
(92, 1, 1, 85, '2014-06-12 11:58:37'),
(93, 9, 37, 85, '2014-06-12 11:58:37'),
(94, 1, 2, 82, '2014-06-12 11:58:49'),
(95, 9, 37, 82, '2014-06-12 11:58:49'),
(96, 1, 4, 89, '2014-06-12 11:59:41'),
(97, 9, 37, 89, '2014-06-12 11:59:41'),
(98, 1, 2, 90, '2014-06-12 11:59:58'),
(99, 9, 37, 90, '2014-06-12 11:59:58'),
(100, 1, 2, 87, '2014-06-12 12:00:04'),
(101, 9, 37, 87, '2014-06-12 12:00:04'),
(102, 1, 3, 88, '2014-06-12 12:00:07'),
(103, 9, 37, 88, '2014-06-12 12:00:07'),
(104, 1, 4, 92, '2014-06-12 12:00:28'),
(105, 9, 37, 92, '2014-06-12 12:00:28'),
(106, 1, 2, 13, '2014-06-12 12:00:33'),
(107, 9, 37, 13, '2014-06-12 12:00:33'),
(108, 1, 1, 93, '2014-06-12 12:00:45'),
(109, 9, 37, 93, '2014-06-12 12:00:45'),
(110, 1, 2, 86, '2014-06-12 12:00:57'),
(111, 9, 37, 86, '2014-06-12 12:00:57'),
(112, 1, 1, 79, '2014-06-12 12:01:03'),
(113, 9, 37, 79, '2014-06-12 12:01:03'),
(114, 1, 2, 94, '2014-06-12 12:03:13'),
(115, 9, 37, 94, '2014-06-12 12:03:13'),
(116, 1, 1, 95, '2014-06-12 12:03:48'),
(117, 9, 37, 95, '2014-06-12 12:03:48'),
(118, 1, 3, 24, '2014-06-12 12:04:22'),
(119, 9, 37, 24, '2014-06-12 12:04:22'),
(120, 1, 2, 96, '2014-06-12 12:05:48'),
(121, 9, 34, 96, '2014-06-12 12:05:48'),
(122, 1, 2, 97, '2014-06-12 12:07:39'),
(123, 9, 37, 97, '2014-06-12 12:07:39'),
(124, 1, 4, 101, '2014-06-12 12:09:55'),
(125, 9, 37, 101, '2014-06-12 12:09:56'),
(126, 1, 2, 100, '2014-06-12 12:10:15'),
(127, 9, 37, 100, '2014-06-12 12:10:15'),
(128, 1, 2, 98, '2014-06-12 12:10:25'),
(129, 9, 37, 98, '2014-06-12 12:10:25'),
(130, 1, 1, 102, '2014-06-12 12:11:19'),
(131, 9, 37, 102, '2014-06-12 12:11:20'),
(132, 1, 3, 99, '2014-06-12 12:12:07'),
(133, 1, 1, 103, '2014-06-12 12:12:07'),
(134, 9, 37, 99, '2014-06-12 12:12:07'),
(135, 9, 34, 103, '2014-06-12 12:12:07'),
(136, 1, 1, 104, '2014-06-12 12:15:02'),
(137, 9, 37, 104, '2014-06-12 12:15:02'),
(138, 1, 4, 107, '2014-06-12 12:18:18'),
(139, 9, 37, 107, '2014-06-12 12:18:18'),
(140, 1, 2, 106, '2014-06-12 12:18:41'),
(141, 9, 37, 106, '2014-06-12 12:18:41'),
(142, 1, 4, 109, '2014-06-12 12:20:02'),
(143, 9, 37, 109, '2014-06-12 12:20:02'),
(144, 1, 2, 108, '2014-06-12 12:24:11'),
(145, 9, 37, 108, '2014-06-12 12:24:11'),
(146, 1, 2, 19, '2014-06-12 12:25:36'),
(147, 9, 37, 19, '2014-06-12 12:25:36'),
(148, 1, 4, 110, '2014-06-12 12:33:28'),
(149, 9, 37, 110, '2014-06-12 12:33:28'),
(150, 1, 4, 111, '2014-06-12 12:36:17'),
(151, 9, 37, 111, '2014-06-12 12:36:17'),
(152, 1, 1, 112, '2014-06-12 12:37:02'),
(153, 9, 37, 112, '2014-06-12 12:37:02'),
(154, 1, 2, 113, '2014-06-12 12:38:01'),
(155, 9, 37, 113, '2014-06-12 12:38:01'),
(156, 1, 2, 114, '2014-06-12 12:39:27'),
(157, 9, 37, 114, '2014-06-12 12:39:27'),
(158, 1, 2, 115, '2014-06-12 12:39:51'),
(159, 9, 37, 115, '2014-06-12 12:39:51'),
(160, 1, 2, 116, '2014-06-12 12:42:48'),
(161, 9, 37, 116, '2014-06-12 12:42:48'),
(162, 1, 2, 117, '2014-06-12 12:46:33'),
(163, 9, 37, 117, '2014-06-12 12:46:33'),
(164, 1, 2, 118, '2014-06-12 12:48:15'),
(165, 9, 37, 118, '2014-06-12 12:48:15'),
(166, 1, 2, 119, '2014-06-12 12:51:32'),
(167, 9, 37, 119, '2014-06-12 12:51:32'),
(168, 1, 2, 120, '2014-06-12 12:56:19'),
(169, 9, 37, 120, '2014-06-12 12:56:19'),
(170, 17, 73, 87, '2014-06-23 10:31:22'),
(171, 17, 76, 87, '2014-06-23 10:31:22'),
(172, 18, 78, 87, '2014-06-23 10:31:22'),
(173, 18, 79, 87, '2014-06-23 10:31:22'),
(174, 19, 81, 87, '2014-06-23 10:31:22'),
(175, 19, 83, 87, '2014-06-23 10:31:22'),
(176, 20, 86, 87, '2014-06-23 10:31:22'),
(177, 20, 88, 87, '2014-06-23 10:31:22'),
(178, 21, 89, 87, '2014-06-23 10:31:22'),
(179, 21, 91, 87, '2014-06-23 10:31:22'),
(180, 22, 93, 87, '2014-06-23 10:31:22'),
(181, 22, 96, 87, '2014-06-23 10:31:23'),
(182, 23, 97, 87, '2014-06-23 10:31:23'),
(183, 23, 100, 87, '2014-06-23 10:31:23'),
(184, 24, 101, 87, '2014-06-23 10:31:23'),
(185, 24, 102, 87, '2014-06-23 10:31:23'),
(186, 17, 73, 84, '2014-06-23 10:48:52'),
(187, 17, 76, 84, '2014-06-23 10:48:52'),
(188, 18, 78, 84, '2014-06-23 10:48:52'),
(189, 18, 79, 84, '2014-06-23 10:48:52'),
(190, 19, 81, 84, '2014-06-23 10:48:52'),
(191, 19, 83, 84, '2014-06-23 10:48:52'),
(192, 20, 86, 84, '2014-06-23 10:48:52'),
(193, 20, 88, 84, '2014-06-23 10:48:52'),
(194, 21, 90, 84, '2014-06-23 10:48:52'),
(195, 21, 91, 84, '2014-06-23 10:48:52'),
(196, 22, 93, 84, '2014-06-23 10:48:52'),
(197, 22, 96, 84, '2014-06-23 10:48:52'),
(198, 23, 97, 84, '2014-06-23 10:48:52'),
(199, 23, 100, 84, '2014-06-23 10:48:52'),
(200, 24, 101, 84, '2014-06-23 10:48:52'),
(201, 24, 102, 84, '2014-06-23 10:48:52'),
(202, 17, 73, 56, '2014-06-23 10:52:26'),
(203, 17, 76, 56, '2014-06-23 10:52:26'),
(204, 18, 78, 56, '2014-06-23 10:52:26'),
(205, 18, 79, 56, '2014-06-23 10:52:26'),
(206, 19, 81, 56, '2014-06-23 10:52:26'),
(207, 19, 83, 56, '2014-06-23 10:52:27'),
(208, 20, 85, 56, '2014-06-23 10:52:27'),
(209, 20, 86, 56, '2014-06-23 10:52:27'),
(210, 21, 90, 56, '2014-06-23 10:52:27'),
(211, 21, 91, 56, '2014-06-23 10:52:27'),
(212, 22, 93, 56, '2014-06-23 10:52:27'),
(213, 22, 96, 56, '2014-06-23 10:52:27'),
(214, 23, 97, 56, '2014-06-23 10:52:27'),
(215, 23, 100, 56, '2014-06-23 10:52:27'),
(216, 24, 101, 56, '2014-06-23 10:52:27'),
(217, 24, 102, 56, '2014-06-23 10:52:27'),
(218, 17, 73, 54, '2014-06-23 11:04:04'),
(219, 17, 74, 54, '2014-06-23 11:04:04'),
(220, 18, 78, 54, '2014-06-23 11:04:04'),
(221, 18, 79, 54, '2014-06-23 11:04:04'),
(222, 19, 81, 54, '2014-06-23 11:04:04'),
(223, 19, 83, 54, '2014-06-23 11:04:04'),
(224, 20, 85, 54, '2014-06-23 11:04:04'),
(225, 20, 86, 54, '2014-06-23 11:04:04'),
(226, 21, 89, 54, '2014-06-23 11:04:04'),
(227, 21, 91, 54, '2014-06-23 11:04:04'),
(228, 22, 93, 54, '2014-06-23 11:04:04'),
(229, 22, 96, 54, '2014-06-23 11:04:04'),
(230, 23, 97, 54, '2014-06-23 11:04:04'),
(231, 23, 100, 54, '2014-06-23 11:04:04'),
(232, 24, 101, 54, '2014-06-23 11:04:04'),
(233, 24, 103, 54, '2014-06-23 11:04:04'),
(234, 17, 73, 64, '2014-06-23 11:05:40'),
(235, 17, 74, 64, '2014-06-23 11:05:40'),
(236, 18, 78, 64, '2014-06-23 11:05:40'),
(237, 18, 79, 64, '2014-06-23 11:05:40'),
(238, 19, 81, 64, '2014-06-23 11:05:40'),
(239, 19, 83, 64, '2014-06-23 11:05:40'),
(240, 20, 85, 64, '2014-06-23 11:05:40'),
(241, 20, 86, 64, '2014-06-23 11:05:40'),
(242, 21, 89, 64, '2014-06-23 11:05:40'),
(243, 21, 91, 64, '2014-06-23 11:05:40'),
(244, 22, 93, 64, '2014-06-23 11:05:40'),
(245, 22, 95, 64, '2014-06-23 11:05:40'),
(246, 23, 97, 64, '2014-06-23 11:05:40'),
(247, 23, 100, 64, '2014-06-23 11:05:40'),
(248, 24, 101, 64, '2014-06-23 11:05:41'),
(249, 24, 103, 64, '2014-06-23 11:05:41'),
(250, 17, 73, 116, '2014-06-23 11:06:03'),
(251, 17, 76, 116, '2014-06-23 11:06:03'),
(252, 18, 78, 116, '2014-06-23 11:06:03'),
(253, 18, 79, 116, '2014-06-23 11:06:03'),
(254, 19, 81, 116, '2014-06-23 11:06:03'),
(255, 19, 83, 116, '2014-06-23 11:06:03'),
(256, 20, 85, 116, '2014-06-23 11:06:03'),
(257, 20, 86, 116, '2014-06-23 11:06:03'),
(258, 21, 89, 116, '2014-06-23 11:06:04'),
(259, 21, 91, 116, '2014-06-23 11:06:04'),
(260, 22, 93, 116, '2014-06-23 11:06:04'),
(261, 22, 94, 116, '2014-06-23 11:06:04'),
(262, 23, 97, 116, '2014-06-23 11:06:04'),
(263, 23, 100, 116, '2014-06-23 11:06:04'),
(264, 24, 101, 116, '2014-06-23 11:06:04'),
(265, 24, 103, 116, '2014-06-23 11:06:04'),
(266, 17, 73, 65, '2014-06-23 11:06:35'),
(267, 17, 76, 65, '2014-06-23 11:06:35'),
(268, 18, 78, 65, '2014-06-23 11:06:35'),
(269, 18, 79, 65, '2014-06-23 11:06:35'),
(270, 19, 81, 65, '2014-06-23 11:06:35'),
(271, 19, 82, 65, '2014-06-23 11:06:35'),
(272, 20, 85, 65, '2014-06-23 11:06:35'),
(273, 20, 88, 65, '2014-06-23 11:06:36'),
(274, 21, 89, 65, '2014-06-23 11:06:36'),
(275, 21, 91, 65, '2014-06-23 11:06:36'),
(276, 22, 93, 65, '2014-06-23 11:06:36'),
(277, 22, 94, 65, '2014-06-23 11:06:36'),
(278, 23, 97, 65, '2014-06-23 11:06:36'),
(279, 23, 99, 65, '2014-06-23 11:06:36'),
(280, 24, 101, 65, '2014-06-23 11:06:36'),
(281, 24, 102, 65, '2014-06-23 11:06:36'),
(282, 17, 73, 46, '2014-06-23 11:06:36'),
(283, 17, 76, 46, '2014-06-23 11:06:36'),
(284, 18, 78, 46, '2014-06-23 11:06:36'),
(285, 18, 79, 46, '2014-06-23 11:06:36'),
(286, 19, 81, 46, '2014-06-23 11:06:36'),
(287, 19, 83, 46, '2014-06-23 11:06:36'),
(288, 20, 85, 46, '2014-06-23 11:06:36'),
(289, 20, 86, 46, '2014-06-23 11:06:37'),
(290, 17, 73, 148, '2014-06-23 11:06:37'),
(291, 21, 90, 46, '2014-06-23 11:06:37'),
(292, 17, 76, 148, '2014-06-23 11:06:37'),
(293, 21, 91, 46, '2014-06-23 11:06:37'),
(294, 18, 78, 148, '2014-06-23 11:06:37'),
(295, 22, 93, 46, '2014-06-23 11:06:37'),
(296, 18, 79, 148, '2014-06-23 11:06:37'),
(297, 22, 96, 46, '2014-06-23 11:06:37'),
(298, 19, 81, 148, '2014-06-23 11:06:37'),
(299, 23, 97, 46, '2014-06-23 11:06:37'),
(300, 19, 82, 148, '2014-06-23 11:06:37'),
(301, 23, 100, 46, '2014-06-23 11:06:37'),
(302, 20, 85, 148, '2014-06-23 11:06:37'),
(303, 24, 101, 46, '2014-06-23 11:06:37'),
(304, 20, 88, 148, '2014-06-23 11:06:37'),
(305, 24, 104, 46, '2014-06-23 11:06:37'),
(306, 21, 90, 148, '2014-06-23 11:06:37'),
(307, 21, 91, 148, '2014-06-23 11:06:37'),
(308, 22, 93, 148, '2014-06-23 11:06:37'),
(309, 22, 94, 148, '2014-06-23 11:06:37'),
(310, 23, 97, 148, '2014-06-23 11:06:37'),
(311, 23, 98, 148, '2014-06-23 11:06:38'),
(312, 24, 101, 148, '2014-06-23 11:06:38'),
(313, 24, 103, 148, '2014-06-23 11:06:38'),
(314, 17, 73, 62, '2014-06-23 11:06:38'),
(315, 17, 76, 62, '2014-06-23 11:06:39'),
(316, 18, 78, 62, '2014-06-23 11:06:39'),
(317, 18, 79, 62, '2014-06-23 11:06:39'),
(318, 19, 81, 62, '2014-06-23 11:06:39'),
(319, 19, 83, 62, '2014-06-23 11:06:39'),
(320, 20, 86, 62, '2014-06-23 11:06:39'),
(321, 20, 88, 62, '2014-06-23 11:06:39'),
(322, 21, 89, 62, '2014-06-23 11:06:39'),
(323, 21, 91, 62, '2014-06-23 11:06:39'),
(324, 22, 93, 62, '2014-06-23 11:06:39'),
(325, 22, 95, 62, '2014-06-23 11:06:39'),
(326, 23, 97, 62, '2014-06-23 11:06:39'),
(327, 23, 100, 62, '2014-06-23 11:06:39'),
(328, 24, 101, 62, '2014-06-23 11:06:39'),
(329, 24, 102, 62, '2014-06-23 11:06:40'),
(330, 17, 73, 133, '2014-06-23 11:06:47'),
(331, 17, 74, 133, '2014-06-23 11:06:47'),
(332, 18, 78, 133, '2014-06-23 11:06:47'),
(333, 18, 79, 133, '2014-06-23 11:06:47'),
(334, 19, 81, 133, '2014-06-23 11:06:47'),
(335, 19, 83, 133, '2014-06-23 11:06:47'),
(336, 20, 85, 133, '2014-06-23 11:06:47'),
(337, 20, 86, 133, '2014-06-23 11:06:47'),
(338, 21, 89, 133, '2014-06-23 11:06:47'),
(339, 21, 91, 133, '2014-06-23 11:06:47'),
(340, 22, 93, 133, '2014-06-23 11:06:47'),
(341, 22, 96, 133, '2014-06-23 11:06:47'),
(342, 23, 97, 133, '2014-06-23 11:06:47'),
(343, 23, 99, 133, '2014-06-23 11:06:47'),
(344, 24, 101, 133, '2014-06-23 11:06:47'),
(345, 24, 103, 133, '2014-06-23 11:06:47'),
(346, 17, 73, 76, '2014-06-23 11:07:14'),
(347, 17, 74, 76, '2014-06-23 11:07:14'),
(348, 18, 78, 76, '2014-06-23 11:07:14'),
(349, 18, 79, 76, '2014-06-23 11:07:14'),
(350, 19, 81, 76, '2014-06-23 11:07:14'),
(351, 19, 83, 76, '2014-06-23 11:07:14'),
(352, 20, 85, 76, '2014-06-23 11:07:14'),
(353, 20, 86, 76, '2014-06-23 11:07:14'),
(354, 21, 89, 76, '2014-06-23 11:07:14'),
(355, 21, 91, 76, '2014-06-23 11:07:14'),
(356, 22, 93, 76, '2014-06-23 11:07:15'),
(357, 22, 95, 76, '2014-06-23 11:07:15'),
(358, 23, 97, 76, '2014-06-23 11:07:15'),
(359, 23, 99, 76, '2014-06-23 11:07:15'),
(360, 24, 101, 76, '2014-06-23 11:07:15'),
(361, 24, 103, 76, '2014-06-23 11:07:15'),
(362, 17, 73, 78, '2014-06-23 11:08:21'),
(363, 17, 74, 78, '2014-06-23 11:08:21'),
(364, 18, 78, 78, '2014-06-23 11:08:21'),
(365, 18, 79, 78, '2014-06-23 11:08:21'),
(366, 19, 81, 78, '2014-06-23 11:08:21'),
(367, 19, 83, 78, '2014-06-23 11:08:21'),
(368, 20, 86, 78, '2014-06-23 11:08:21'),
(369, 20, 88, 78, '2014-06-23 11:08:21'),
(370, 21, 89, 78, '2014-06-23 11:08:21'),
(371, 21, 91, 78, '2014-06-23 11:08:21'),
(372, 22, 93, 78, '2014-06-23 11:08:21'),
(373, 22, 96, 78, '2014-06-23 11:08:22'),
(374, 23, 97, 78, '2014-06-23 11:08:22'),
(375, 23, 98, 78, '2014-06-23 11:08:22'),
(376, 24, 101, 78, '2014-06-23 11:08:22'),
(377, 24, 102, 78, '2014-06-23 11:08:22'),
(378, 22, 93, 149, '2014-06-23 11:08:47'),
(379, 22, 94, 149, '2014-06-23 11:08:47'),
(380, 17, 73, 97, '2014-06-23 11:09:18'),
(381, 17, 74, 97, '2014-06-23 11:09:18'),
(382, 18, 78, 97, '2014-06-23 11:09:18'),
(383, 18, 79, 97, '2014-06-23 11:09:18'),
(384, 19, 81, 97, '2014-06-23 11:09:18'),
(385, 19, 83, 97, '2014-06-23 11:09:18'),
(386, 20, 86, 97, '2014-06-23 11:09:18'),
(387, 20, 88, 97, '2014-06-23 11:09:18'),
(388, 21, 89, 97, '2014-06-23 11:09:18'),
(389, 21, 91, 97, '2014-06-23 11:09:19'),
(390, 22, 93, 97, '2014-06-23 11:09:19'),
(391, 22, 96, 97, '2014-06-23 11:09:19'),
(392, 23, 97, 97, '2014-06-23 11:09:19'),
(393, 23, 99, 97, '2014-06-23 11:09:19'),
(394, 24, 101, 97, '2014-06-23 11:09:19'),
(395, 24, 102, 97, '2014-06-23 11:09:19'),
(396, 18, 77, 149, '2014-06-23 11:09:21'),
(397, 18, 80, 149, '2014-06-23 11:09:22'),
(398, 23, 97, 149, '2014-06-23 11:09:47'),
(399, 23, 98, 149, '2014-06-23 11:09:47'),
(400, 17, 73, 88, '2014-06-23 11:09:52'),
(401, 17, 75, 88, '2014-06-23 11:09:53'),
(402, 18, 79, 88, '2014-06-23 11:09:53'),
(403, 18, 80, 88, '2014-06-23 11:09:53'),
(404, 19, 81, 88, '2014-06-23 11:09:53'),
(405, 19, 84, 88, '2014-06-23 11:09:53'),
(406, 21, 90, 88, '2014-06-23 11:09:53'),
(407, 21, 92, 88, '2014-06-23 11:09:53'),
(408, 22, 93, 88, '2014-06-23 11:09:53'),
(409, 22, 94, 88, '2014-06-23 11:09:53'),
(410, 23, 97, 88, '2014-06-23 11:09:53'),
(411, 23, 99, 88, '2014-06-23 11:09:53'),
(412, 24, 103, 88, '2014-06-23 11:09:53'),
(413, 24, 104, 88, '2014-06-23 11:09:53'),
(414, 17, 73, 149, '2014-06-23 11:09:59'),
(415, 17, 76, 149, '2014-06-23 11:09:59'),
(416, 19, 82, 149, '2014-06-23 11:10:15'),
(417, 19, 84, 149, '2014-06-23 11:10:15'),
(418, 20, 86, 149, '2014-06-23 11:10:25'),
(419, 20, 88, 149, '2014-06-23 11:10:25'),
(420, 21, 89, 149, '2014-06-23 11:10:36'),
(421, 21, 91, 149, '2014-06-23 11:10:36'),
(422, 17, 73, 67, '2014-06-23 11:10:48'),
(423, 17, 76, 67, '2014-06-23 11:10:48'),
(424, 18, 78, 67, '2014-06-23 11:10:48'),
(425, 18, 79, 67, '2014-06-23 11:10:48'),
(426, 19, 81, 67, '2014-06-23 11:10:48'),
(427, 19, 83, 67, '2014-06-23 11:10:48'),
(428, 20, 86, 67, '2014-06-23 11:10:48'),
(429, 20, 88, 67, '2014-06-23 11:10:48'),
(430, 21, 89, 67, '2014-06-23 11:10:48'),
(431, 21, 91, 67, '2014-06-23 11:10:48'),
(432, 22, 93, 67, '2014-06-23 11:10:48'),
(433, 22, 96, 67, '2014-06-23 11:10:49'),
(434, 23, 97, 67, '2014-06-23 11:10:49'),
(435, 23, 100, 67, '2014-06-23 11:10:49'),
(436, 24, 101, 67, '2014-06-23 11:10:49'),
(437, 24, 102, 67, '2014-06-23 11:10:49'),
(438, 24, 101, 149, '2014-06-23 11:10:49'),
(439, 24, 104, 149, '2014-06-23 11:10:49'),
(440, 17, 74, 73, '2014-06-23 11:10:51'),
(441, 17, 76, 73, '2014-06-23 11:10:51'),
(442, 18, 78, 73, '2014-06-23 11:10:51'),
(443, 18, 79, 73, '2014-06-23 11:10:51'),
(444, 19, 81, 73, '2014-06-23 11:10:51'),
(445, 19, 83, 73, '2014-06-23 11:10:51'),
(446, 20, 85, 73, '2014-06-23 11:10:51'),
(447, 20, 86, 73, '2014-06-23 11:10:51'),
(448, 21, 89, 73, '2014-06-23 11:10:51'),
(449, 21, 91, 73, '2014-06-23 11:10:51'),
(450, 22, 93, 73, '2014-06-23 11:10:51'),
(451, 22, 96, 73, '2014-06-23 11:10:51'),
(452, 23, 97, 73, '2014-06-23 11:10:51'),
(453, 23, 99, 73, '2014-06-23 11:10:52'),
(454, 24, 101, 73, '2014-06-23 11:10:52'),
(455, 24, 104, 73, '2014-06-23 11:10:52'),
(456, 17, 74, 74, '2014-06-23 11:11:37'),
(457, 17, 76, 74, '2014-06-23 11:11:37'),
(458, 18, 78, 74, '2014-06-23 11:11:37'),
(459, 18, 79, 74, '2014-06-23 11:11:37'),
(460, 19, 81, 74, '2014-06-23 11:11:37'),
(461, 19, 83, 74, '2014-06-23 11:11:37'),
(462, 20, 85, 74, '2014-06-23 11:11:37'),
(463, 20, 86, 74, '2014-06-23 11:11:37'),
(464, 21, 89, 74, '2014-06-23 11:11:37'),
(465, 21, 91, 74, '2014-06-23 11:11:37'),
(466, 22, 93, 74, '2014-06-23 11:11:37'),
(467, 22, 96, 74, '2014-06-23 11:11:37'),
(468, 23, 97, 74, '2014-06-23 11:11:37'),
(469, 23, 99, 74, '2014-06-23 11:11:37'),
(470, 24, 101, 74, '2014-06-23 11:11:37'),
(471, 24, 102, 74, '2014-06-23 11:11:38'),
(472, 17, 73, 49, '2014-06-23 11:12:34'),
(473, 17, 76, 49, '2014-06-23 11:12:34'),
(474, 18, 78, 49, '2014-06-23 11:12:34'),
(475, 18, 79, 49, '2014-06-23 11:12:34'),
(476, 19, 81, 49, '2014-06-23 11:12:34'),
(477, 19, 83, 49, '2014-06-23 11:12:34'),
(478, 20, 86, 49, '2014-06-23 11:12:34'),
(479, 20, 88, 49, '2014-06-23 11:12:34'),
(480, 21, 90, 49, '2014-06-23 11:12:34'),
(481, 21, 91, 49, '2014-06-23 11:12:34'),
(482, 22, 93, 49, '2014-06-23 11:12:34'),
(483, 22, 96, 49, '2014-06-23 11:12:34'),
(484, 23, 97, 49, '2014-06-23 11:12:34'),
(485, 23, 100, 49, '2014-06-23 11:12:34'),
(486, 24, 102, 49, '2014-06-23 11:12:34'),
(487, 24, 103, 49, '2014-06-23 11:12:34'),
(488, 17, 73, 60, '2014-06-23 11:12:35'),
(489, 17, 76, 60, '2014-06-23 11:12:36'),
(490, 18, 77, 60, '2014-06-23 11:12:36'),
(491, 18, 78, 60, '2014-06-23 11:12:36'),
(492, 19, 81, 60, '2014-06-23 11:12:36'),
(493, 19, 82, 60, '2014-06-23 11:12:36'),
(494, 20, 86, 60, '2014-06-23 11:12:36'),
(495, 20, 88, 60, '2014-06-23 11:12:36'),
(496, 21, 89, 60, '2014-06-23 11:12:36'),
(497, 21, 91, 60, '2014-06-23 11:12:36'),
(498, 22, 93, 60, '2014-06-23 11:12:36'),
(499, 22, 95, 60, '2014-06-23 11:12:36'),
(500, 23, 97, 60, '2014-06-23 11:12:36'),
(501, 23, 98, 60, '2014-06-23 11:12:36'),
(502, 24, 103, 60, '2014-06-23 11:12:36'),
(503, 24, 104, 60, '2014-06-23 11:12:36'),
(504, 17, 73, 40, '2014-06-23 11:13:05'),
(505, 17, 76, 40, '2014-06-23 11:13:06'),
(506, 18, 78, 40, '2014-06-23 11:13:06'),
(507, 18, 79, 40, '2014-06-23 11:13:06'),
(508, 19, 81, 40, '2014-06-23 11:13:06'),
(509, 19, 83, 40, '2014-06-23 11:13:06'),
(510, 20, 86, 40, '2014-06-23 11:13:06'),
(511, 20, 88, 40, '2014-06-23 11:13:06'),
(512, 21, 90, 40, '2014-06-23 11:13:06'),
(513, 21, 91, 40, '2014-06-23 11:13:06'),
(514, 22, 93, 40, '2014-06-23 11:13:06'),
(515, 22, 96, 40, '2014-06-23 11:13:06'),
(516, 23, 97, 40, '2014-06-23 11:13:06'),
(517, 23, 100, 40, '2014-06-23 11:13:06'),
(518, 24, 101, 40, '2014-06-23 11:13:06'),
(519, 24, 102, 40, '2014-06-23 11:13:06'),
(520, 17, 73, 152, '2014-06-23 11:14:24'),
(521, 17, 74, 152, '2014-06-23 11:14:24'),
(522, 18, 78, 152, '2014-06-23 11:14:24'),
(523, 18, 79, 152, '2014-06-23 11:14:24'),
(524, 19, 81, 152, '2014-06-23 11:14:24'),
(525, 19, 83, 152, '2014-06-23 11:14:24'),
(526, 20, 86, 152, '2014-06-23 11:14:24'),
(527, 20, 88, 152, '2014-06-23 11:14:24'),
(528, 21, 90, 152, '2014-06-23 11:14:24'),
(529, 21, 91, 152, '2014-06-23 11:14:24'),
(530, 22, 93, 152, '2014-06-23 11:14:24'),
(531, 22, 96, 152, '2014-06-23 11:14:24'),
(532, 23, 97, 152, '2014-06-23 11:14:24'),
(533, 23, 100, 152, '2014-06-23 11:14:24'),
(534, 24, 101, 152, '2014-06-23 11:14:24'),
(535, 24, 102, 152, '2014-06-23 11:14:24'),
(536, 17, 73, 118, '2014-06-23 11:15:09'),
(537, 17, 74, 118, '2014-06-23 11:15:09'),
(538, 18, 78, 118, '2014-06-23 11:15:09'),
(539, 18, 79, 118, '2014-06-23 11:15:09'),
(540, 19, 81, 118, '2014-06-23 11:15:09'),
(541, 19, 83, 118, '2014-06-23 11:15:09'),
(542, 20, 86, 118, '2014-06-23 11:15:09'),
(543, 20, 88, 118, '2014-06-23 11:15:09'),
(544, 21, 89, 118, '2014-06-23 11:15:09'),
(545, 21, 91, 118, '2014-06-23 11:15:09'),
(546, 22, 93, 118, '2014-06-23 11:15:09'),
(547, 22, 96, 118, '2014-06-23 11:15:09'),
(548, 23, 97, 118, '2014-06-23 11:15:09'),
(549, 23, 99, 118, '2014-06-23 11:15:09'),
(550, 24, 101, 118, '2014-06-23 11:15:09'),
(551, 24, 102, 118, '2014-06-23 11:15:09'),
(552, 17, 73, 19, '2014-06-23 11:16:34'),
(553, 17, 76, 19, '2014-06-23 11:16:34'),
(554, 18, 78, 19, '2014-06-23 11:16:34'),
(555, 18, 79, 19, '2014-06-23 11:16:34'),
(556, 19, 81, 19, '2014-06-23 11:16:34'),
(557, 19, 82, 19, '2014-06-23 11:16:34'),
(558, 20, 85, 19, '2014-06-23 11:16:34'),
(559, 20, 86, 19, '2014-06-23 11:16:35'),
(560, 21, 89, 19, '2014-06-23 11:16:36'),
(561, 21, 91, 19, '2014-06-23 11:16:36'),
(562, 22, 93, 19, '2014-06-23 11:16:36'),
(563, 22, 96, 19, '2014-06-23 11:16:36'),
(564, 23, 97, 19, '2014-06-23 11:16:36'),
(565, 23, 100, 19, '2014-06-23 11:16:36'),
(566, 24, 101, 19, '2014-06-23 11:16:36'),
(567, 24, 102, 19, '2014-06-23 11:16:36'),
(568, 17, 73, 51, '2014-06-23 11:16:39'),
(569, 17, 76, 51, '2014-06-23 11:16:39'),
(570, 18, 78, 51, '2014-06-23 11:16:39'),
(571, 18, 79, 51, '2014-06-23 11:16:39'),
(572, 19, 81, 51, '2014-06-23 11:16:39'),
(573, 19, 83, 51, '2014-06-23 11:16:39'),
(574, 20, 86, 51, '2014-06-23 11:16:39'),
(575, 20, 88, 51, '2014-06-23 11:16:40'),
(576, 21, 89, 51, '2014-06-23 11:16:40'),
(577, 21, 91, 51, '2014-06-23 11:16:40'),
(578, 22, 93, 51, '2014-06-23 11:16:40'),
(579, 22, 96, 51, '2014-06-23 11:16:40'),
(580, 23, 97, 51, '2014-06-23 11:16:40'),
(581, 23, 100, 51, '2014-06-23 11:16:40'),
(582, 24, 101, 51, '2014-06-23 11:16:40'),
(583, 24, 103, 51, '2014-06-23 11:16:40'),
(584, 17, 73, 50, '2014-06-23 11:16:52'),
(585, 17, 76, 50, '2014-06-23 11:16:52'),
(586, 18, 78, 50, '2014-06-23 11:16:52'),
(587, 18, 79, 50, '2014-06-23 11:16:52'),
(588, 19, 81, 50, '2014-06-23 11:16:52'),
(589, 19, 84, 50, '2014-06-23 11:16:52'),
(590, 20, 85, 50, '2014-06-23 11:16:52'),
(591, 20, 86, 50, '2014-06-23 11:16:52'),
(592, 22, 93, 50, '2014-06-23 11:16:52'),
(593, 22, 96, 50, '2014-06-23 11:16:52'),
(594, 23, 97, 50, '2014-06-23 11:16:52'),
(595, 23, 98, 50, '2014-06-23 11:16:52'),
(596, 24, 101, 50, '2014-06-23 11:16:52'),
(597, 24, 104, 50, '2014-06-23 11:16:52'),
(598, 17, 73, 45, '2014-06-23 11:17:31'),
(599, 17, 76, 45, '2014-06-23 11:17:31'),
(600, 18, 78, 45, '2014-06-23 11:17:31'),
(601, 18, 79, 45, '2014-06-23 11:17:31'),
(602, 19, 81, 45, '2014-06-23 11:17:31'),
(603, 19, 83, 45, '2014-06-23 11:17:31'),
(604, 20, 86, 45, '2014-06-23 11:17:31'),
(605, 20, 88, 45, '2014-06-23 11:17:31'),
(606, 21, 89, 45, '2014-06-23 11:17:31'),
(607, 21, 91, 45, '2014-06-23 11:17:31'),
(608, 22, 93, 45, '2014-06-23 11:17:31'),
(609, 22, 96, 45, '2014-06-23 11:17:31'),
(610, 23, 97, 45, '2014-06-23 11:17:31'),
(611, 23, 99, 45, '2014-06-23 11:17:31'),
(612, 24, 101, 45, '2014-06-23 11:17:31'),
(613, 24, 103, 45, '2014-06-23 11:17:31'),
(614, 17, 73, 79, '2014-06-23 11:20:19'),
(615, 17, 76, 79, '2014-06-23 11:20:20'),
(616, 18, 78, 79, '2014-06-23 11:20:20'),
(617, 18, 80, 79, '2014-06-23 11:20:20'),
(618, 19, 81, 79, '2014-06-23 11:20:20'),
(619, 19, 83, 79, '2014-06-23 11:20:20'),
(620, 20, 85, 79, '2014-06-23 11:20:20'),
(621, 20, 88, 79, '2014-06-23 11:20:20'),
(622, 21, 91, 79, '2014-06-23 11:20:20'),
(623, 21, 92, 79, '2014-06-23 11:20:20'),
(624, 22, 93, 79, '2014-06-23 11:20:20'),
(625, 22, 96, 79, '2014-06-23 11:20:20'),
(626, 23, 97, 79, '2014-06-23 11:20:20'),
(627, 23, 99, 79, '2014-06-23 11:20:20'),
(628, 24, 101, 79, '2014-06-23 11:20:20'),
(629, 24, 103, 79, '2014-06-23 11:20:20'),
(630, 17, 73, 99, '2014-06-23 11:21:47'),
(631, 17, 76, 99, '2014-06-23 11:21:47'),
(632, 18, 78, 99, '2014-06-23 11:21:47'),
(633, 18, 79, 99, '2014-06-23 11:21:48'),
(634, 19, 81, 99, '2014-06-23 11:21:48'),
(635, 19, 83, 99, '2014-06-23 11:21:48'),
(636, 20, 85, 99, '2014-06-23 11:21:48'),
(637, 20, 86, 99, '2014-06-23 11:21:48'),
(638, 21, 90, 99, '2014-06-23 11:21:48'),
(639, 21, 91, 99, '2014-06-23 11:21:48'),
(640, 22, 93, 99, '2014-06-23 11:21:48'),
(641, 22, 96, 99, '2014-06-23 11:21:48'),
(642, 23, 97, 99, '2014-06-23 11:21:48'),
(643, 23, 100, 99, '2014-06-23 11:21:48'),
(644, 24, 101, 99, '2014-06-23 11:21:48'),
(645, 24, 102, 99, '2014-06-23 11:21:48'),
(646, 17, 73, 146, '2014-06-23 11:23:48'),
(647, 17, 76, 146, '2014-06-23 11:23:48'),
(648, 18, 78, 146, '2014-06-23 11:23:48'),
(649, 18, 79, 146, '2014-06-23 11:23:49'),
(650, 19, 81, 146, '2014-06-23 11:23:49'),
(651, 19, 83, 146, '2014-06-23 11:23:49'),
(652, 20, 85, 146, '2014-06-23 11:23:49'),
(653, 20, 86, 146, '2014-06-23 11:23:49'),
(654, 21, 90, 146, '2014-06-23 11:23:49'),
(655, 21, 91, 146, '2014-06-23 11:23:49'),
(656, 22, 93, 146, '2014-06-23 11:23:49'),
(657, 22, 96, 146, '2014-06-23 11:23:49'),
(658, 23, 97, 146, '2014-06-23 11:23:49'),
(659, 23, 100, 146, '2014-06-23 11:23:49'),
(660, 24, 101, 146, '2014-06-23 11:23:49'),
(661, 24, 102, 146, '2014-06-23 11:23:49'),
(662, 17, 73, 58, '2014-06-23 11:25:10'),
(663, 17, 76, 58, '2014-06-23 11:25:10'),
(664, 18, 78, 58, '2014-06-23 11:25:11'),
(665, 18, 79, 58, '2014-06-23 11:25:11'),
(666, 19, 81, 58, '2014-06-23 11:25:11'),
(667, 19, 82, 58, '2014-06-23 11:25:11'),
(668, 20, 85, 58, '2014-06-23 11:25:11'),
(669, 20, 88, 58, '2014-06-23 11:25:11'),
(670, 21, 90, 58, '2014-06-23 11:25:11'),
(671, 21, 91, 58, '2014-06-23 11:25:11'),
(672, 22, 93, 58, '2014-06-23 11:25:11'),
(673, 22, 94, 58, '2014-06-23 11:25:11'),
(674, 23, 98, 58, '2014-06-23 11:25:11'),
(675, 23, 99, 58, '2014-06-23 11:25:11'),
(676, 24, 101, 58, '2014-06-23 11:25:12'),
(677, 24, 104, 58, '2014-06-23 11:25:12'),
(678, 17, 73, 86, '2014-06-23 11:25:14'),
(679, 17, 76, 86, '2014-06-23 11:25:14'),
(680, 18, 78, 86, '2014-06-23 11:25:14'),
(681, 18, 79, 86, '2014-06-23 11:25:14'),
(682, 19, 81, 86, '2014-06-23 11:25:14'),
(683, 19, 83, 86, '2014-06-23 11:25:14'),
(684, 20, 86, 86, '2014-06-23 11:25:14'),
(685, 20, 88, 86, '2014-06-23 11:25:14'),
(686, 21, 90, 86, '2014-06-23 11:25:15'),
(687, 21, 91, 86, '2014-06-23 11:25:15'),
(688, 22, 93, 86, '2014-06-23 11:25:15'),
(689, 22, 96, 86, '2014-06-23 11:25:15'),
(690, 23, 97, 86, '2014-06-23 11:25:15'),
(691, 23, 100, 86, '2014-06-23 11:25:15'),
(692, 24, 101, 86, '2014-06-23 11:25:15'),
(693, 24, 102, 86, '2014-06-23 11:25:15'),
(694, 18, 78, 154, '2014-06-23 11:27:18'),
(695, 18, 79, 154, '2014-06-23 11:27:18'),
(696, 17, 73, 27, '2014-06-23 11:29:03'),
(697, 17, 76, 27, '2014-06-23 11:29:03'),
(698, 18, 78, 27, '2014-06-23 11:29:03'),
(699, 18, 80, 27, '2014-06-23 11:29:03'),
(700, 19, 81, 27, '2014-06-23 11:29:03'),
(701, 19, 83, 27, '2014-06-23 11:29:03'),
(702, 20, 86, 27, '2014-06-23 11:29:03'),
(703, 20, 88, 27, '2014-06-23 11:29:03'),
(704, 21, 89, 27, '2014-06-23 11:29:03'),
(705, 21, 91, 27, '2014-06-23 11:29:03'),
(706, 22, 93, 27, '2014-06-23 11:29:03'),
(707, 22, 96, 27, '2014-06-23 11:29:03'),
(708, 23, 97, 27, '2014-06-23 11:29:03'),
(709, 23, 99, 27, '2014-06-23 11:29:03'),
(710, 24, 101, 27, '2014-06-23 11:29:03'),
(711, 24, 102, 27, '2014-06-23 11:29:03'),
(712, 17, 73, 154, '2014-06-23 11:31:10'),
(713, 17, 74, 154, '2014-06-23 11:31:10'),
(714, 19, 81, 154, '2014-06-23 11:31:10'),
(715, 19, 82, 154, '2014-06-23 11:31:10'),
(716, 20, 86, 154, '2014-06-23 11:31:10'),
(717, 20, 88, 154, '2014-06-23 11:31:10'),
(718, 21, 89, 154, '2014-06-23 11:31:10'),
(719, 21, 91, 154, '2014-06-23 11:31:10'),
(720, 22, 93, 154, '2014-06-23 11:31:10'),
(721, 22, 95, 154, '2014-06-23 11:31:10'),
(722, 23, 97, 154, '2014-06-23 11:31:10'),
(723, 23, 99, 154, '2014-06-23 11:31:10'),
(724, 24, 101, 154, '2014-06-23 11:31:11'),
(725, 24, 103, 154, '2014-06-23 11:31:11'),
(726, 17, 73, 104, '2014-06-23 11:35:32'),
(727, 17, 76, 104, '2014-06-23 11:35:32'),
(728, 18, 78, 104, '2014-06-23 11:35:32'),
(729, 18, 79, 104, '2014-06-23 11:35:32'),
(730, 19, 81, 104, '2014-06-23 11:35:32'),
(731, 19, 83, 104, '2014-06-23 11:35:32'),
(732, 20, 86, 104, '2014-06-23 11:35:32'),
(733, 20, 88, 104, '2014-06-23 11:35:32'),
(734, 21, 90, 104, '2014-06-23 11:35:32'),
(735, 21, 91, 104, '2014-06-23 11:35:32'),
(736, 22, 93, 104, '2014-06-23 11:35:32'),
(737, 22, 96, 104, '2014-06-23 11:35:32'),
(738, 23, 97, 104, '2014-06-23 11:35:32'),
(739, 23, 100, 104, '2014-06-23 11:35:32'),
(740, 24, 101, 104, '2014-06-23 11:35:32'),
(741, 24, 102, 104, '2014-06-23 11:35:32'),
(742, 17, 73, 119, '2014-06-23 11:35:48'),
(743, 17, 76, 119, '2014-06-23 11:35:48'),
(744, 18, 78, 119, '2014-06-23 11:35:48'),
(745, 18, 79, 119, '2014-06-23 11:35:48'),
(746, 19, 81, 119, '2014-06-23 11:35:48'),
(747, 19, 83, 119, '2014-06-23 11:35:48'),
(748, 20, 86, 119, '2014-06-23 11:35:48'),
(749, 20, 88, 119, '2014-06-23 11:35:48'),
(750, 21, 90, 119, '2014-06-23 11:35:48'),
(751, 21, 91, 119, '2014-06-23 11:35:49'),
(752, 22, 93, 119, '2014-06-23 11:35:49'),
(753, 22, 96, 119, '2014-06-23 11:35:49'),
(754, 23, 97, 119, '2014-06-23 11:35:49'),
(755, 23, 100, 119, '2014-06-23 11:35:49'),
(756, 24, 101, 119, '2014-06-23 11:35:49'),
(757, 24, 102, 119, '2014-06-23 11:35:49'),
(758, 17, 73, 120, '2014-06-23 11:37:06'),
(759, 17, 76, 120, '2014-06-23 11:37:06'),
(760, 18, 78, 120, '2014-06-23 11:37:06'),
(761, 18, 79, 120, '2014-06-23 11:37:06'),
(762, 19, 81, 120, '2014-06-23 11:37:06'),
(763, 19, 83, 120, '2014-06-23 11:37:06'),
(764, 20, 85, 120, '2014-06-23 11:37:06'),
(765, 20, 86, 120, '2014-06-23 11:37:06'),
(766, 21, 90, 120, '2014-06-23 11:37:06'),
(767, 21, 91, 120, '2014-06-23 11:37:06'),
(768, 22, 93, 120, '2014-06-23 11:37:06'),
(769, 22, 96, 120, '2014-06-23 11:37:06'),
(770, 23, 97, 120, '2014-06-23 11:37:06'),
(771, 23, 100, 120, '2014-06-23 11:37:06'),
(772, 24, 101, 120, '2014-06-23 11:37:06'),
(773, 24, 102, 120, '2014-06-23 11:37:07'),
(774, 17, 73, 63, '2014-06-23 11:42:47'),
(775, 17, 76, 63, '2014-06-23 11:42:47'),
(776, 18, 78, 63, '2014-06-23 11:42:47'),
(777, 18, 79, 63, '2014-06-23 11:42:47'),
(778, 19, 81, 63, '2014-06-23 11:42:47'),
(779, 19, 83, 63, '2014-06-23 11:42:47'),
(780, 20, 85, 63, '2014-06-23 11:42:47'),
(781, 20, 86, 63, '2014-06-23 11:42:47'),
(782, 21, 89, 63, '2014-06-23 11:42:47'),
(783, 21, 91, 63, '2014-06-23 11:42:47'),
(784, 22, 93, 63, '2014-06-23 11:42:48'),
(785, 22, 96, 63, '2014-06-23 11:42:48'),
(786, 23, 97, 63, '2014-06-23 11:42:48'),
(787, 23, 100, 63, '2014-06-23 11:42:48'),
(788, 24, 101, 63, '2014-06-23 11:42:48'),
(789, 24, 102, 63, '2014-06-23 11:42:48'),
(790, 17, 73, 126, '2014-06-23 11:48:36'),
(791, 17, 76, 126, '2014-06-23 11:48:36'),
(792, 18, 78, 126, '2014-06-23 11:48:36'),
(793, 18, 79, 126, '2014-06-23 11:48:36'),
(794, 19, 81, 126, '2014-06-23 11:48:36'),
(795, 19, 83, 126, '2014-06-23 11:48:36'),
(796, 20, 85, 126, '2014-06-23 11:48:36'),
(797, 20, 86, 126, '2014-06-23 11:48:36'),
(798, 21, 89, 126, '2014-06-23 11:48:36'),
(799, 21, 91, 126, '2014-06-23 11:48:36'),
(800, 22, 93, 126, '2014-06-23 11:48:36'),
(801, 22, 96, 126, '2014-06-23 11:48:36'),
(802, 23, 97, 126, '2014-06-23 11:48:36'),
(803, 23, 100, 126, '2014-06-23 11:48:36'),
(804, 24, 101, 126, '2014-06-23 11:48:36'),
(805, 24, 102, 126, '2014-06-23 11:48:36'),
(806, 17, 73, 93, '2014-06-23 11:49:04'),
(807, 17, 76, 93, '2014-06-23 11:49:04'),
(808, 18, 78, 93, '2014-06-23 11:49:04'),
(809, 18, 79, 93, '2014-06-23 11:49:04'),
(810, 19, 81, 93, '2014-06-23 11:49:04'),
(811, 19, 83, 93, '2014-06-23 11:49:04'),
(812, 20, 86, 93, '2014-06-23 11:49:04'),
(813, 20, 88, 93, '2014-06-23 11:49:04'),
(814, 21, 90, 93, '2014-06-23 11:49:04'),
(815, 21, 91, 93, '2014-06-23 11:49:04'),
(816, 22, 93, 93, '2014-06-23 11:49:04'),
(817, 22, 96, 93, '2014-06-23 11:49:04'),
(818, 23, 97, 93, '2014-06-23 11:49:04'),
(819, 23, 100, 93, '2014-06-23 11:49:04'),
(820, 24, 101, 93, '2014-06-23 11:49:04'),
(821, 24, 103, 93, '2014-06-23 11:49:04'),
(822, 17, 73, 127, '2014-06-23 11:49:33'),
(823, 17, 76, 127, '2014-06-23 11:49:33'),
(824, 18, 78, 127, '2014-06-23 11:49:33'),
(825, 18, 79, 127, '2014-06-23 11:49:33'),
(826, 19, 81, 127, '2014-06-23 11:49:33'),
(827, 19, 83, 127, '2014-06-23 11:49:33'),
(828, 20, 86, 127, '2014-06-23 11:49:33'),
(829, 20, 88, 127, '2014-06-23 11:49:33'),
(830, 21, 90, 127, '2014-06-23 11:49:33'),
(831, 21, 91, 127, '2014-06-23 11:49:33'),
(832, 22, 93, 127, '2014-06-23 11:49:33'),
(833, 22, 96, 127, '2014-06-23 11:49:33'),
(834, 23, 97, 127, '2014-06-23 11:49:34'),
(835, 23, 100, 127, '2014-06-23 11:49:34'),
(836, 24, 101, 127, '2014-06-23 11:49:34'),
(837, 24, 102, 127, '2014-06-23 11:49:34'),
(838, 17, 73, 102, '2014-06-23 11:55:29'),
(839, 17, 76, 102, '2014-06-23 11:55:29'),
(840, 18, 78, 102, '2014-06-23 11:55:29'),
(841, 18, 79, 102, '2014-06-23 11:55:29'),
(842, 19, 81, 102, '2014-06-23 11:55:29'),
(843, 19, 83, 102, '2014-06-23 11:55:29'),
(844, 20, 85, 102, '2014-06-23 11:55:29'),
(845, 20, 86, 102, '2014-06-23 11:55:29'),
(846, 21, 89, 102, '2014-06-23 11:55:29'),
(847, 21, 91, 102, '2014-06-23 11:55:29'),
(848, 22, 93, 102, '2014-06-23 11:55:29'),
(849, 22, 96, 102, '2014-06-23 11:55:29'),
(850, 23, 97, 102, '2014-06-23 11:55:29'),
(851, 23, 100, 102, '2014-06-23 11:55:29'),
(852, 24, 101, 102, '2014-06-23 11:55:29'),
(853, 24, 102, 102, '2014-06-23 11:55:29'),
(854, 17, 73, 150, '2014-06-23 11:55:32'),
(855, 17, 76, 150, '2014-06-23 11:55:32'),
(856, 18, 78, 150, '2014-06-23 11:55:32'),
(857, 18, 80, 150, '2014-06-23 11:55:32'),
(858, 19, 81, 150, '2014-06-23 11:55:32'),
(859, 19, 82, 150, '2014-06-23 11:55:32'),
(860, 20, 85, 150, '2014-06-23 11:55:32'),
(861, 20, 88, 150, '2014-06-23 11:55:32'),
(862, 21, 89, 150, '2014-06-23 11:55:32'),
(863, 21, 91, 150, '2014-06-23 11:55:32'),
(864, 22, 93, 150, '2014-06-23 11:55:32'),
(865, 22, 96, 150, '2014-06-23 11:55:32'),
(866, 23, 97, 150, '2014-06-23 11:55:32'),
(867, 23, 100, 150, '2014-06-23 11:55:32'),
(868, 24, 102, 150, '2014-06-23 11:55:32'),
(869, 24, 103, 150, '2014-06-23 11:55:32'),
(870, 17, 73, 128, '2014-06-23 11:56:35'),
(871, 17, 74, 128, '2014-06-23 11:56:35'),
(872, 18, 78, 128, '2014-06-23 11:56:35'),
(873, 18, 79, 128, '2014-06-23 11:56:35'),
(874, 19, 81, 128, '2014-06-23 11:56:35'),
(875, 19, 83, 128, '2014-06-23 11:56:35'),
(876, 20, 85, 128, '2014-06-23 11:56:35'),
(877, 20, 86, 128, '2014-06-23 11:56:35'),
(878, 21, 89, 128, '2014-06-23 11:56:35'),
(879, 21, 91, 128, '2014-06-23 11:56:35'),
(880, 22, 93, 128, '2014-06-23 11:56:35'),
(881, 22, 95, 128, '2014-06-23 11:56:35'),
(882, 23, 97, 128, '2014-06-23 11:56:35'),
(883, 23, 100, 128, '2014-06-23 11:56:35'),
(884, 24, 101, 128, '2014-06-23 11:56:35'),
(885, 24, 102, 128, '2014-06-23 11:56:35'),
(886, 17, 73, 156, '2014-06-23 12:05:32'),
(887, 17, 76, 156, '2014-06-23 12:05:32'),
(888, 18, 77, 156, '2014-06-23 12:05:32'),
(889, 18, 78, 156, '2014-06-23 12:05:32'),
(890, 19, 81, 156, '2014-06-23 12:05:32'),
(891, 19, 83, 156, '2014-06-23 12:05:33'),
(892, 20, 85, 156, '2014-06-23 12:05:33'),
(893, 20, 86, 156, '2014-06-23 12:05:33'),
(894, 21, 91, 156, '2014-06-23 12:05:33'),
(895, 21, 92, 156, '2014-06-23 12:05:33'),
(896, 22, 93, 156, '2014-06-23 12:05:33'),
(897, 22, 94, 156, '2014-06-23 12:05:33'),
(898, 23, 97, 156, '2014-06-23 12:05:33'),
(899, 23, 100, 156, '2014-06-23 12:05:33'),
(900, 24, 101, 156, '2014-06-23 12:05:33'),
(901, 24, 103, 156, '2014-06-23 12:05:33'),
(902, 17, 73, 69, '2014-06-23 12:20:13'),
(903, 17, 74, 69, '2014-06-23 12:20:13'),
(904, 18, 78, 69, '2014-06-23 12:20:13'),
(905, 18, 79, 69, '2014-06-23 12:20:13'),
(906, 19, 81, 69, '2014-06-23 12:20:13'),
(907, 19, 83, 69, '2014-06-23 12:20:13'),
(908, 20, 86, 69, '2014-06-23 12:20:13'),
(909, 20, 88, 69, '2014-06-23 12:20:13'),
(910, 21, 89, 69, '2014-06-23 12:20:13'),
(911, 21, 91, 69, '2014-06-23 12:20:13'),
(912, 22, 93, 69, '2014-06-23 12:20:13'),
(913, 22, 96, 69, '2014-06-23 12:20:13'),
(914, 23, 97, 69, '2014-06-23 12:20:14'),
(915, 23, 100, 69, '2014-06-23 12:20:14'),
(916, 24, 101, 69, '2014-06-23 12:20:14'),
(917, 24, 102, 69, '2014-06-23 12:20:14');

/*!40101 SET CHARACTER_SET_CLIENT=@OLD_CHARACTER_SET_CLIENT */;
/*!40101 SET CHARACTER_SET_RESULTS=@OLD_CHARACTER_SET_RESULTS */;
/*!40101 SET COLLATION_CONNECTION=@OLD_COLLATION_CONNECTION */;
